Vehicle_ID,extracted_features
5,"[ 9.94502157e-02  8.93984735e-02 -5.09990640e-02 -5.98301888e-02
  5.36803715e-02  5.65000065e-02 -1.16378593e-03  1.04683839e-01
  5.43461628e-02  2.50893757e-02 -1.87125951e-02  1.96625814e-02
  4.86626178e-02  4.48047146e-02 -3.88555154e-02 -8.29082057e-02
 -3.53545994e-02 -3.87542877e-06  4.66489121e-02 -1.51551897e-02
  6.12764247e-02 -2.20654774e-02  9.88169573e-03  4.69959974e-02
 -6.46370798e-02 -1.25030689e-02  1.07277138e-02 -2.59838905e-02
  8.50230232e-02  7.45285153e-02  7.62038724e-03 -7.03056902e-02
 -2.53043175e-02  2.38082167e-02  2.79900935e-02 -1.38084948e-01
  3.25275771e-02  1.64620057e-02  3.20225768e-02 -1.91234779e-02
 -1.91715602e-02  3.24762287e-03  6.30488945e-03 -4.59678322e-02
  3.45194787e-02 -4.04531993e-02  3.47122028e-02 -7.80398548e-02
  1.23017244e-02 -4.03356366e-02 -6.48215935e-02  5.05457558e-02
 -3.70950773e-02  6.34603053e-02  3.67357731e-02 -2.95457821e-02
 -6.17951751e-02  1.53124249e-02  5.53325526e-02  1.21844471e-01
 -1.46368239e-02 -2.18027737e-03  5.03018871e-02 -4.86182608e-03
  2.26011360e-03  4.32023965e-03 -4.29556612e-03 -3.84132117e-02
  7.60243332e-04  8.12049285e-02  1.01645598e-02 -1.81107242e-02
  3.18894302e-03 -5.33529818e-02 -7.18056113e-02 -2.91834995e-02
  5.34863118e-03  8.71414319e-02 -3.49004380e-02  3.92485969e-02
  5.63927963e-02  1.27317775e-02 -3.23313824e-03 -9.17050429e-03
 -5.21619208e-02  3.38591589e-03 -1.00846559e-01  4.67629321e-02
 -1.05643809e-01  4.11123969e-02  1.61186466e-03  2.87915114e-02
  3.52054685e-02 -5.20885587e-02 -5.48725389e-02 -4.13510948e-02
  1.85548756e-02  1.62527431e-02 -2.30994614e-04 -8.06395411e-02
  8.86818096e-02  3.73791791e-02  2.66311746e-02 -7.36857578e-03
 -5.17470837e-02  7.77378073e-03 -8.94057602e-02 -9.79202241e-03
 -3.19660045e-02 -2.10094936e-02 -5.58015183e-02  9.40419883e-02
  6.14619181e-02  2.48820018e-02  6.35712817e-02  1.76986575e-03
  6.03448274e-03 -6.68236688e-02  3.66356112e-02 -1.44598950e-02
 -5.49924618e-04  2.56583504e-02 -5.67092886e-03  7.68081695e-02
  4.87831123e-02 -1.85707882e-02  3.82439569e-02  3.61494184e-03
  5.80905238e-03 -3.80470604e-02  4.10591485e-03 -2.76304074e-02
  1.08375689e-02 -1.10892449e-02  7.47216642e-02 -4.38070782e-02
 -7.95020685e-02  1.24418654e-03  5.09533733e-02 -6.47128820e-02
  1.41563304e-02  2.82682944e-02 -5.99076413e-02  1.08297333e-01
 -2.63284333e-03 -3.54661210e-03 -1.74953677e-02  9.73445997e-02
  4.35559340e-02 -2.55213827e-02  1.52079063e-03  7.13588893e-02
 -5.89244887e-02  7.39382803e-02 -3.69783938e-02 -9.23412517e-02
 -6.63163327e-03  9.41805542e-03 -2.95879319e-02  3.03197056e-02
 -4.15345142e-03  5.58311865e-02  1.91246793e-02  1.30979177e-02
 -4.15010229e-02 -7.59851113e-02  1.67072900e-02 -2.97082141e-02
  5.35448082e-02 -1.65356230e-02 -4.78619672e-02  1.34353631e-03
  1.10145221e-02  3.06387451e-02  1.57992393e-02  8.33240245e-03
 -3.93777639e-02  2.02324577e-02  3.83691229e-02  2.79261861e-02
 -9.35878232e-03 -1.45698311e-02  3.74513268e-02 -6.28582239e-02
  7.86428452e-02  3.84048223e-02  3.74764167e-02 -3.69957834e-02
  1.84534881e-02  4.64156568e-02  8.04871768e-02  3.68384086e-02
  1.90166123e-02 -1.77021232e-02  3.56147885e-02 -5.11985235e-02
 -1.10526122e-02  3.81708592e-02 -3.56811956e-02  1.34979254e-02
  2.85957707e-03 -4.95774262e-02  2.91573815e-02 -4.44116518e-02
  4.80463402e-03 -9.82561056e-03 -2.86205728e-02 -7.78844208e-03
  3.38217877e-02 -4.22333851e-02  2.03901604e-02  8.57360438e-02
  6.06827363e-02 -5.71085960e-02  1.73118319e-02 -2.81108115e-02
  3.61337028e-02 -5.71986325e-02 -1.63957346e-02 -2.22947989e-02
  3.94928977e-02  2.73053721e-02 -2.47645564e-02 -9.04053077e-02
 -5.75495185e-03 -3.38647552e-02 -1.90635007e-02 -5.60135394e-02
  5.56655601e-02 -3.07265893e-02  7.35251680e-02 -5.00302762e-02
 -4.07491159e-03 -1.74619723e-02  1.10006165e-02 -4.68871146e-02
 -6.22780062e-02  3.71950902e-02 -5.30814044e-02 -5.95832951e-02
 -2.57699145e-03 -2.96756644e-02  8.52288306e-03 -5.41786812e-02
 -1.45916203e-02 -2.15698350e-02  3.89990248e-02 -1.07567024e-03
 -2.85445992e-02 -5.02954684e-02  2.41621118e-02 -6.20867498e-02
  8.07624683e-02 -4.97019812e-02  7.26593751e-03 -1.21001936e-02
  3.65299247e-02  9.08691362e-02 -3.20278890e-02  1.23740053e-02
 -9.71185565e-02  3.78457806e-03 -2.11183727e-03  7.70873204e-02
  4.83787879e-02 -4.98916954e-02  2.42319182e-02  1.15518011e-02
  5.08122630e-02  4.23178263e-03 -1.55219585e-02  2.71362830e-02
 -7.65010715e-02 -5.97061180e-02  4.59626764e-02 -7.58561790e-02
 -2.99516264e-02 -1.16405562e-02  3.30950581e-02 -2.91478410e-02
 -3.10283657e-02 -2.29200767e-03  2.89785098e-02  6.43960312e-02
  3.08380611e-02 -6.90067261e-02 -3.65404673e-02 -7.76494993e-03
  2.23613046e-02  7.42338644e-03 -1.47658605e-02  5.03995689e-03
 -4.01302725e-02  3.78044043e-03 -1.09335277e-02  6.85401782e-02
 -3.27553973e-02  5.53006865e-03 -9.53632058e-04 -8.85861181e-03
  2.54376549e-02  2.29763817e-02  2.00225189e-02  2.34624688e-02
 -3.95644456e-02 -2.48993151e-02  6.85949177e-02 -7.88265374e-04
  7.56634101e-02  2.67085135e-02 -3.59698683e-02  1.58532076e-02
 -3.23188193e-02 -2.95071397e-02 -5.31342551e-02 -1.17600458e-02
  1.66240931e-02  3.16561610e-02  5.60731590e-02  2.37886757e-02
 -2.53837910e-02  6.03798777e-04 -3.91717665e-02 -2.40952577e-02
  4.99904603e-02  3.25561836e-02 -4.71766330e-02 -2.88454443e-02
  1.06717842e-02  1.94173753e-02  9.09076352e-03 -8.55594873e-03
  2.23631077e-02  2.38722935e-02  7.14857951e-02  1.70978985e-03
 -9.46740992e-03  5.18377498e-02 -3.03672608e-02 -2.47557554e-02
  6.76869601e-03 -4.16186191e-02 -8.05409402e-02  1.58320628e-02
  5.02454340e-02 -1.91442575e-02 -5.05692400e-02  1.59772485e-02
  7.14509608e-03  4.11168346e-03  3.33195999e-02 -1.07914889e-02
 -5.08951098e-02 -7.95023367e-02 -8.21295078e-04  9.88344010e-03
 -2.06973292e-02  4.60317358e-02  1.40083246e-02  4.45351116e-02
 -7.57838488e-02  4.85112257e-02  3.55426036e-03  4.29877006e-02
  5.95573597e-02  2.61040702e-02  1.03434943e-01 -1.01078689e-01
 -1.65204313e-02 -5.35509326e-02  2.30759587e-02  6.43529138e-03
  2.93135252e-02 -5.07186279e-02  2.12961179e-03 -6.09225370e-02
 -1.47714904e-02 -3.57970446e-02  6.47010654e-02  1.59824695e-02
  1.26222717e-02  6.48308247e-02 -7.78375342e-02 -9.65530053e-03
  2.40758155e-02  1.19342096e-02 -3.34423315e-03 -9.81538184e-03
  6.77654520e-02 -7.26098940e-02 -5.32251857e-02  1.92382280e-02
 -3.44131924e-02  1.37132211e-02 -4.37073633e-02  2.00979915e-02
  2.38643643e-02 -3.67937908e-02 -1.41850924e-02 -5.65038063e-02
  1.30930375e-02  5.26925810e-02 -3.29908729e-02  5.65115474e-02
 -1.15984492e-02 -5.78047009e-03  1.69792119e-02 -5.95187433e-02
  5.10370824e-03 -1.47345392e-02 -4.43044351e-04  2.55891476e-02
 -1.27321826e-02 -3.04285605e-02  1.61144771e-02 -4.48074900e-02
  1.93435103e-02  3.70521545e-02  2.72971708e-02 -1.47863170e-02
 -1.31916944e-02  6.79553002e-02 -1.16528273e-02  5.92867378e-03
  3.40168811e-02  8.02385360e-02  3.39846220e-03 -1.72885451e-02
 -6.29096627e-02 -2.31497362e-03 -6.94617182e-02 -8.88157189e-02
  8.43581259e-02 -1.88765507e-02 -5.74854650e-02  1.39137162e-02
  7.00304881e-02  3.06139663e-02 -1.01995319e-02  2.96373051e-02
 -2.06837035e-03  1.67809892e-02  1.10881794e-02 -2.84046680e-03
 -2.04130895e-02 -2.99798623e-02  1.51129556e-03  1.42369457e-02
  1.01410873e-01  9.39231645e-03 -1.04464043e-03 -2.80725379e-02
 -3.59331183e-02  3.54629084e-02  6.35678042e-03  2.37748362e-02
  2.11574994e-02  9.66646597e-02 -1.25684869e-02  3.39709856e-02
  1.75428810e-03  3.76275629e-02 -7.57063879e-03 -7.32224435e-03
  6.32280186e-02  4.34860289e-02  3.89851704e-02  1.93818547e-02
 -3.73189300e-02 -2.00094134e-02 -7.09226727e-02  1.34896953e-02
 -4.90392819e-02 -5.19076213e-02 -6.90012127e-02 -9.13674291e-03
 -2.26914324e-02  2.05496904e-02 -1.07758036e-02 -2.90148966e-02
 -3.74595560e-02 -5.04169427e-03 -7.60647133e-02  2.16850825e-02
  2.02697571e-02 -2.18350329e-02  4.37207296e-02  3.59651409e-02
  3.01511902e-02 -8.01268965e-02  3.25057432e-02  1.40940370e-02
 -6.35011867e-02  2.41401047e-02  4.94300239e-02  1.00858510e-01
 -7.68578947e-02  8.02386273e-03 -4.16332707e-02 -2.56608985e-02
  8.22872743e-02  1.29911631e-01 -2.56989356e-02  2.67392434e-02
 -4.95969169e-02 -6.93275710e-04 -9.35578048e-02  9.51832384e-02
 -5.13796136e-02  8.92490298e-02  5.89692034e-02  1.55224660e-02]"
3,"[ 1.11225583e-02  8.41001123e-02 -4.44636773e-03 -5.34860082e-02
 -3.98491696e-02 -4.25166078e-02  5.51661989e-03  6.54998794e-02
  3.36355343e-02  5.87484241e-02  3.87911014e-02 -3.77863497e-02
  2.97354590e-02  4.88473102e-02  2.07536332e-02 -4.83785458e-02
 -4.74118479e-02  6.69230428e-03  1.77873354e-02 -5.40456809e-02
  4.26124632e-02 -7.52827376e-02 -3.83161008e-02  1.14556653e-02
  4.97961231e-03 -9.99467913e-03 -3.71540412e-02  4.84048302e-04
  3.00501231e-02  3.31007317e-03  1.41143892e-03 -9.44954902e-02
 -8.57577845e-03 -5.98548539e-02  2.11139247e-02 -3.91812027e-02
 -1.45482272e-02  6.08603433e-02  1.74461640e-02 -2.89878678e-02
 -6.96803723e-03  1.85142420e-02  3.15051451e-02  7.71211460e-04
  6.44643977e-02  4.15899642e-02  6.88833697e-03 -5.03531657e-03
 -2.80925110e-02  1.00914519e-02  3.75472032e-03  1.98158529e-02
 -3.22580636e-02 -1.08619279e-03 -7.04308152e-02  6.75109355e-03
 -3.42690758e-02 -4.35762061e-03  1.18497871e-01  9.53059271e-02
  3.67638431e-02  1.95386377e-03  6.38823733e-02 -1.35123264e-02
 -4.26576063e-02  2.67762654e-02 -5.77459298e-02 -2.90366914e-02
 -1.65487491e-02  7.47466162e-02 -1.94424938e-03  5.48741780e-02
  1.34877686e-03 -4.00538072e-02  2.05820203e-02  2.09388360e-02
 -2.24467237e-02  7.02264383e-02 -7.28131756e-02  2.40440778e-02
  5.31417541e-02 -3.72079164e-02  2.55093947e-02  3.21872309e-02
 -1.98996514e-02 -3.19039961e-03 -5.34772389e-02  6.23391196e-02
 -8.04306492e-02  4.99355271e-02 -3.34966443e-02 -1.28056423e-03
  3.50471064e-02  6.07096329e-02  3.12690437e-02 -1.94984898e-02
 -4.02578861e-02  4.71494757e-02  6.10796660e-02 -6.82442561e-02
  8.27504471e-02 -3.51523757e-02  6.32828996e-02 -5.00721633e-02
 -5.88750690e-02  2.75751855e-02  3.52173336e-02 -4.10446264e-02
  3.23184977e-05 -3.87724228e-02 -3.02251671e-02 -1.54072382e-02
 -1.03009446e-02  3.65279503e-02  9.52053629e-03 -3.19035836e-02
 -3.92772779e-02 -3.81316133e-02  6.26172349e-02 -2.65904907e-02
  1.66543899e-03 -1.14871347e-02 -3.55114900e-02  5.30229099e-02
  3.72865349e-02 -2.81967726e-02  3.93465534e-02  9.70310904e-03
  4.67209108e-02 -1.67650897e-02 -7.77904615e-02 -4.39853594e-02
  5.23381568e-02 -1.90021470e-02  8.82127434e-02 -1.64115001e-02
  3.39171775e-02 -4.85505909e-02  3.74235772e-02  1.88116897e-02
  1.42564252e-02  1.26044080e-02 -7.65264109e-02  7.25246519e-02
  1.01779841e-01 -3.44682336e-02  3.25263739e-02  1.23332396e-01
  8.45689848e-02  2.61653047e-02 -2.85134055e-02  7.03522936e-02
  4.93065361e-03  5.15874662e-02 -1.34330774e-02 -6.87667727e-02
 -1.18062936e-03  2.62193047e-02  1.74762830e-02 -2.52984668e-04
  1.90696307e-03  3.15366834e-02  2.92750765e-02  4.02318686e-02
 -2.90270988e-02 -3.04389745e-02  1.09160893e-01 -5.48840910e-02
  1.11801051e-01 -2.30384525e-02  2.81857583e-03 -3.40667460e-03
  2.65535507e-02  4.94489782e-02 -6.54056109e-03  1.30946394e-02
 -2.25234423e-02 -5.47586679e-02  1.72822196e-02  2.41705906e-02
  1.52539564e-02  1.59417503e-02  2.55678128e-02 -1.49034604e-03
  4.23569418e-02  1.19426772e-02  7.36209229e-02 -2.15627756e-02
 -4.11632843e-02  5.29178157e-02 -2.31076106e-02  5.95911145e-02
 -6.80779070e-02 -3.53565346e-03 -3.07314694e-02  1.88733339e-02
 -3.48363966e-02 -3.38920741e-04 -9.54522938e-02  7.13239983e-02
 -3.10098659e-02 -9.82997287e-03 -2.25598384e-02 -2.71870252e-02
  3.71709391e-02 -2.24841833e-02 -1.96819007e-02  1.75948050e-02
  5.22210300e-02 -1.74305495e-02 -3.24439481e-02  1.56954192e-02
  5.95030226e-02  2.69715693e-02  6.55085966e-02 -3.41480970e-02
 -3.84204090e-02 -9.58114676e-03 -5.06741777e-02 -3.32900956e-02
  2.81330142e-02  1.37433233e-02 -4.88264635e-02 -8.41656104e-02
  4.45142910e-02 -2.61372160e-02 -2.82704253e-02 -4.66921404e-02
  2.48836875e-02 -3.66492309e-02  2.12955344e-02 -4.09951247e-02
 -2.84083840e-02 -1.97598408e-03  2.47635599e-02 -5.50220497e-02
 -7.18238577e-02 -3.77877466e-02  3.74901071e-02 -2.91805081e-02
 -9.43406895e-02 -5.04187383e-02 -6.49677664e-02 -4.96187247e-02
  1.54978707e-02 -6.73119794e-04  3.49649191e-02  3.29355896e-02
 -9.47074383e-04 -6.54468536e-02  2.30739638e-02  1.65941268e-02
  5.61402887e-02 -3.16666104e-02  8.18523318e-02 -7.30136782e-03
  5.54187410e-03  5.38617000e-02  1.29470425e-02  4.20354456e-02
 -3.02894581e-02 -2.75819432e-02  2.59338282e-02  4.79689762e-02
 -3.63103747e-02  9.66138113e-03  2.64807697e-02 -5.83396852e-03
  2.71465946e-02 -5.15890755e-02  4.86540832e-02  7.15606585e-02
 -6.80489019e-02 -4.82213572e-02  7.02666044e-02  2.82491129e-02
 -1.22567704e-02  1.31636877e-02  5.43986224e-02 -7.25039393e-02
 -3.78220566e-02 -2.58781910e-02 -9.79690929e-04  3.58238555e-02
 -2.97705270e-02 -9.00666416e-03 -2.75500119e-02 -9.98977106e-03
 -1.44348172e-02  2.03833580e-02 -9.57915653e-03 -1.41296722e-02
 -5.06306589e-02 -9.71455220e-03  4.88434620e-02  5.76040000e-02
 -4.57640551e-02  1.88102014e-02 -1.27760125e-02  5.55469356e-02
 -5.72957397e-02 -4.65709306e-02  1.09142170e-03  8.15630611e-03
 -9.17842053e-03  2.35823868e-03  2.90624592e-02  3.07522696e-02
  2.79630870e-02 -8.86358134e-03 -3.60493623e-02 -8.58995039e-03
 -4.86385077e-03  9.57238767e-03 -9.98728350e-02  3.08992490e-02
 -1.71287730e-02  4.87616472e-02  3.04022394e-02  1.81326531e-02
 -1.05827898e-02  1.18740149e-01 -4.39381935e-02 -4.03533913e-02
  9.42820162e-02  5.05829640e-02 -9.57589000e-02  2.41494793e-02
 -1.52995787e-03  1.30388606e-02 -3.29790898e-02 -1.05943857e-02
 -9.80592612e-03 -9.29021835e-02  5.57216592e-02  4.39566560e-02
  1.85446125e-02  2.28393916e-02  1.31584879e-03  6.26819357e-02
 -5.54055907e-02 -1.88070238e-02 -4.43319418e-02 -2.41517462e-02
  1.88898426e-02 -8.12604930e-03 -5.00901341e-02 -5.74030131e-02
  1.69684663e-02  1.29884901e-02 -6.87715709e-02 -2.63163378e-03
 -3.56893539e-02  2.11573811e-03  4.64331284e-02  1.47370677e-02
 -9.24555063e-02  5.99836670e-02  2.25337651e-02  3.97608392e-02
 -3.91468853e-02  1.14314109e-01 -2.38766409e-02  6.69364259e-02
 -3.85908037e-02  1.38271423e-02  4.46518399e-02 -8.00015181e-02
 -2.71754116e-02 -1.02275476e-01 -8.47857096e-04  5.21086110e-03
 -4.49251160e-02 -7.26205334e-02  1.70354731e-02  4.66689393e-02
 -6.22688718e-02 -1.30649852e-02 -1.34040997e-03  8.99664983e-02
 -4.07551005e-02  1.16785597e-02 -3.64597291e-02 -3.90228555e-02
  2.14112792e-02  5.46930581e-02 -3.82269663e-03 -1.95371248e-02
  1.22920126e-01 -1.03573203e-01 -7.03666508e-02  5.19422963e-02
 -2.60738023e-02 -3.86661664e-03  2.14385819e-02 -8.96636117e-03
  2.93619484e-02 -2.84716133e-02  2.23111399e-02 -1.45412628e-02
 -1.17068393e-02  2.58896127e-02 -3.10523901e-02 -4.21534851e-03
  1.92141850e-02 -1.18630221e-02 -2.29436462e-03 -3.21139134e-02
  3.84010747e-03 -6.34566918e-02 -1.03507666e-02  1.14866026e-01
  2.65444033e-02  1.84416194e-02  3.62962782e-02  6.68684170e-02
  5.75673941e-04  2.82009225e-02 -2.62316652e-02 -6.78363116e-03
  4.82484000e-03 -9.10721719e-03  3.60139310e-02  4.63219658e-02
  2.26363912e-02  4.69692796e-03 -4.30980138e-02  7.98609480e-03
 -6.44128844e-02 -3.14250700e-02 -3.94291654e-02 -1.03242407e-02
  1.10503651e-01 -2.75599174e-02 -7.54646063e-02 -8.70043878e-03
  2.53000557e-02  4.59075831e-02 -6.10858686e-02  5.61300293e-02
 -4.54331450e-02 -5.56981601e-02 -2.05385089e-02 -2.43567210e-02
 -3.19795962e-03  8.36707428e-02 -5.40208407e-02 -9.08942241e-03
  1.11028299e-01  1.58413108e-02  2.35203411e-02  6.52351230e-02
 -2.66099293e-02  1.95949823e-02  2.41098404e-02  4.94870692e-02
  2.04033162e-02  9.07342210e-02 -3.68767679e-02 -1.29798315e-02
  1.62684619e-02 -6.93261623e-02 -6.05649017e-02  4.99398448e-02
  2.79243756e-02  1.09977588e-01 -1.96753014e-02 -8.08809977e-03
  3.62271592e-02 -4.58161570e-02  3.67057067e-03  3.19069587e-02
 -3.93509008e-02 -5.05149662e-02  1.33521098e-03  4.33164313e-02
 -2.22228896e-02  6.29462972e-02 -2.66452637e-02 -2.96550356e-02
  4.41795625e-02  2.01602303e-03 -3.99495251e-02 -2.22908463e-02
 -6.83534425e-03  2.24135071e-02  5.97565342e-03  3.22336797e-04
  4.63550314e-02 -2.47284910e-03 -1.39192147e-02  2.63804793e-02
 -8.42518136e-02  2.19744779e-02  1.78132597e-02  2.94021815e-02
 -3.16499211e-02  4.98028211e-02 -4.66036350e-02  8.25776020e-04
  5.48897572e-02  4.25194614e-02 -2.08653584e-02  2.04347558e-02
 -5.63785136e-02  4.89374809e-02 -8.86810422e-02  3.70406732e-02
  1.91011088e-04  1.30923033e-01  1.85385887e-02 -2.79355999e-02]"
6,"[-3.10848169e-02  1.08981490e-01  1.65659527e-04  5.60739404e-03
 -6.82615908e-03 -2.92818807e-02 -2.01600101e-02 -4.81978469e-02
 -8.29261634e-03 -1.56829564e-03 -2.32452694e-02 -8.75824019e-02
 -9.51285660e-03  7.18209296e-02  4.35658805e-02 -1.39514124e-02
  1.67314280e-02  9.10048336e-02 -9.90629196e-03  6.23462200e-02
 -8.55613034e-04 -4.24236655e-02 -4.37481888e-02  1.64681096e-02
 -1.49650155e-02  5.74350283e-02  1.91826355e-02  2.31944155e-02
 -1.47627387e-02  5.89324124e-02  3.68132559e-03 -1.47785703e-02
  4.57708389e-02  3.18317525e-02  5.39164133e-02  2.69466117e-02
  4.80765328e-02  1.28505021e-01 -2.05089785e-02 -4.33191806e-02
 -3.48964296e-02  8.31064060e-02  4.32653055e-02 -4.82165329e-02
  3.58963944e-02  4.20886278e-02 -5.42730726e-02 -5.29701300e-02
 -3.57447378e-02 -2.84616221e-02  6.06777892e-02 -1.44314663e-02
  1.80824194e-02 -8.57622828e-03 -3.57550606e-02 -4.76244316e-02
  3.17912064e-02  2.60866564e-02  1.54000763e-02 -8.24504718e-03
  1.73978303e-02 -7.26811215e-02  6.99866330e-03  2.06960235e-02
 -5.13538793e-02  5.16566485e-02 -2.12107808e-03 -3.20179351e-02
 -7.51657933e-02  1.06270947e-01 -2.79386025e-02  2.51545408e-03
 -1.13777572e-03 -7.94154480e-02  7.57788122e-02  1.49696581e-02
  3.51550480e-05  2.67224442e-02  1.24663534e-02 -6.12387918e-02
 -1.35853756e-02 -7.11095333e-02  2.50845905e-02  3.16177420e-02
  3.15701105e-02 -4.20555882e-02 -5.71016893e-02  4.70163859e-02
 -3.43128555e-02  2.49811634e-02 -3.73398103e-02 -2.73775794e-02
 -5.41719161e-02  5.74100837e-02 -3.19722332e-02 -9.04678367e-03
 -2.76606865e-02  1.77988298e-02  6.48630336e-02 -5.51683083e-02
  4.24165577e-02 -1.91051438e-02 -4.20217775e-02 -7.72671551e-02
  1.92063190e-02 -7.34367641e-03 -9.67433862e-03 -1.93124227e-02
  4.23771478e-02 -1.58441663e-02 -7.83596709e-02 -4.61384542e-02
 -7.34071620e-03 -1.15505718e-02 -1.72254015e-02 -2.25029271e-02
 -3.73534076e-02  2.46846844e-02  1.01448512e-02 -2.13343799e-02
 -2.92283657e-04  1.40045593e-02  4.58076522e-02  1.75444919e-04
  3.39499116e-02 -2.60535069e-02  9.64790285e-02  4.03466597e-02
 -1.71750858e-02  9.12505761e-03 -2.13094465e-02 -4.81808707e-02
  6.00907430e-02 -2.08740309e-02  7.93469697e-02  1.78934429e-02
 -1.53801162e-02  3.73095758e-02 -4.51275483e-02  1.36447707e-02
 -5.03174700e-02  1.63010322e-02 -1.91043038e-03  6.33111596e-02
 -2.03635506e-02 -2.67681740e-02  4.51297760e-02  5.94005696e-02
 -3.80538628e-02  2.81759189e-03  4.75745127e-02 -3.26113105e-02
 -3.06781568e-02  8.00874922e-03 -2.83738691e-02 -1.03893774e-02
 -1.72871514e-03  8.13610479e-03  8.14439654e-02 -1.69786606e-02
 -1.44411856e-02  7.77672008e-02  4.40511703e-02  8.02630261e-02
  5.12920367e-03 -2.22775061e-03  1.29288761e-02 -8.26653317e-02
  7.63608664e-02 -5.88594750e-02 -2.42646169e-02 -6.38374761e-02
 -1.31110139e-02 -2.90452503e-02  9.07731503e-02 -2.37515718e-02
 -7.03728199e-02 -1.53787965e-02 -2.19947509e-02 -1.45579008e-02
  5.71504235e-02 -1.48746315e-02  1.15358299e-02  5.70844151e-02
  5.89696020e-02 -7.53519079e-03  3.84175917e-03  5.41380085e-02
 -5.76120149e-03  5.91193028e-02  1.99352466e-02  1.22782467e-02
  9.43413656e-03 -1.40795941e-02 -1.92221962e-02  1.17278807e-02
  5.48144989e-02  3.65710072e-02 -2.99534500e-02  1.05362214e-01
 -6.24747537e-02  3.47077809e-02 -4.56512496e-02 -8.83016288e-02
  1.68215930e-02 -7.41910860e-02 -4.84941602e-02  1.21728890e-02
 -6.92164898e-02 -9.49039236e-02 -7.28366226e-02 -4.74390052e-02
  3.12864855e-02  7.20064193e-02  7.86815677e-03 -4.36568037e-02
  6.76095709e-02 -5.86276827e-03 -6.33153599e-04 -2.15458572e-02
 -5.59267364e-02  2.49348823e-02  2.71671675e-02 -4.43399921e-02
 -2.01375224e-03 -3.01814843e-02 -3.75805609e-02 -2.19398513e-02
  6.04055403e-03  5.17530777e-02 -3.03428154e-02  3.00569031e-02
 -1.38898399e-02 -7.92154819e-02 -6.34377869e-03  1.00805555e-02
 -8.68791249e-03 -2.23627705e-02 -3.98444682e-02 -5.89651503e-02
 -6.28038123e-02 -6.96330592e-02  6.13985993e-02  2.78075505e-02
  4.40789983e-02  6.10230193e-02 -1.64321829e-02  4.24330235e-02
 -4.30969857e-02 -5.30065261e-02  4.54681478e-02 -5.13951294e-02
  8.75215679e-02  2.66150991e-03  4.00686823e-02  2.69623995e-02
  1.23770675e-02  6.46261498e-02 -9.05111805e-02  1.50679713e-02
 -2.22303886e-02 -2.30996683e-02  3.41890156e-02  2.38083806e-02
  4.06907834e-02  1.25674894e-02  6.36977553e-02 -1.61667448e-02
  2.74660308e-02 -5.29543124e-02 -1.50987236e-02  2.25041737e-03
 -2.89767683e-02 -3.67732979e-02  1.50357960e-02 -2.27755532e-02
  1.46656493e-02  1.72437057e-02 -1.85420197e-02 -1.67832877e-02
 -2.10816003e-02  6.83970824e-02  3.60200903e-03  1.01680504e-02
  3.07592936e-02  3.00944056e-02 -3.09124570e-02 -2.97683552e-02
 -7.95676634e-02  1.93154532e-02 -2.28824243e-02  1.61491241e-02
 -1.16392272e-02  2.64271838e-03  1.49521651e-02  2.37112232e-02
  7.12281419e-03  1.02254175e-01 -2.40479293e-03  1.55914463e-02
 -7.86642581e-02 -9.00763124e-02  6.16905242e-02 -1.65240299e-02
 -2.64746342e-02 -7.69984815e-03 -4.76315916e-02  3.19259726e-02
 -4.40004207e-02 -3.19226552e-03 -3.06555275e-02  8.19589049e-02
 -5.48748598e-02 -8.43680277e-03  1.46158533e-02  2.51968428e-02
 -7.39022484e-03 -7.66427582e-03  5.31912521e-02 -8.37547034e-02
 -4.94995303e-02  1.12926504e-02  3.80542167e-02 -7.96448812e-02
  5.16987927e-02 -4.35802713e-02 -9.85539332e-02  1.47851342e-02
  6.62474260e-02 -1.88453812e-02 -1.35511145e-01 -4.05177437e-02
  7.10668713e-02 -8.39807279e-03  6.34955838e-02  3.89143154e-02
  6.13499386e-03  3.52005884e-02  6.07981980e-02  7.55392984e-02
  4.92695756e-02  1.40762259e-03 -5.88131472e-02  4.91494425e-02
  9.84103605e-03  1.21733643e-01 -6.19940571e-02  5.28774783e-03
  8.52930453e-03  1.14972061e-02 -1.39185572e-02 -4.20978898e-03
 -3.54525610e-03 -1.17881736e-02  3.37398686e-02  3.52079421e-03
 -1.67675465e-02  3.22513692e-02 -1.75005551e-02  1.03936149e-02
 -1.60901230e-02  6.09097863e-03 -1.64670683e-02  5.28900465e-03
  1.24441730e-02 -1.79935228e-02  4.11665216e-02 -4.30115201e-02
  7.92836472e-02 -1.38591910e-02  2.19073147e-02  4.30951305e-02
 -1.05380248e-02 -8.02320254e-04  7.85883665e-02  6.30823672e-02
 -3.73690650e-02 -7.26428479e-02 -4.75534461e-02  1.47869643e-02
 -6.02760836e-02 -7.65063218e-04 -1.02509536e-01  1.17534483e-02
  1.18381837e-02 -2.84170057e-03  6.73500402e-03  2.38970350e-02
  4.99822907e-02 -1.37131914e-01 -5.47735952e-03  5.95751218e-02
 -5.18226065e-02  3.38468999e-02  5.00240102e-02 -5.27337864e-02
 -3.75137292e-02 -1.03871889e-01 -1.15825413e-02 -1.66174658e-02
  1.86404288e-02  2.59722746e-03  1.56099088e-02 -6.71405345e-02
  1.95621252e-02 -5.98057695e-02  3.47850136e-02  5.97842876e-03
 -4.34400253e-02  6.21789554e-03 -4.94066253e-02  2.58146822e-02
 -7.94478599e-03 -3.70904207e-02  3.77527848e-02 -1.71473231e-02
  3.61226383e-03  3.67411263e-02 -1.31427003e-02 -6.90113604e-02
  1.44760003e-02 -4.49707136e-02 -5.79237491e-02  2.33421754e-02
 -1.21192606e-02  1.72853675e-02  3.27244811e-02  2.68745106e-02
  5.15885631e-07  1.39410011e-02  1.08416164e-02 -3.48075591e-02
  1.32598177e-01  6.02645278e-02 -4.57465053e-02 -4.88611721e-02
 -3.01351603e-02  5.18932939e-02  5.35336649e-03  6.19235169e-03
  8.24908465e-02 -4.68890965e-02  6.40700106e-03 -5.75000886e-03
  6.54976517e-02 -6.19955696e-02 -4.05963883e-03  7.27787428e-03
 -9.14482214e-03 -6.15580380e-02  2.52789166e-02  4.35532406e-02
  6.91748485e-02 -2.64534224e-02 -3.51293311e-02 -3.19691487e-02
  1.95213519e-02  1.01260588e-01  6.10298030e-02 -4.31407951e-02
  1.91075495e-03  2.47318372e-02 -6.06697462e-02  6.50740787e-02
 -1.76259167e-02  2.10380945e-02 -8.57216269e-02 -2.18718033e-02
 -2.52264757e-02 -5.11538163e-02  6.56301230e-02 -4.85115033e-03
  3.33412178e-02 -6.68498948e-02  6.29210696e-02  2.99109127e-02
 -8.20586905e-02  6.16041087e-02 -4.17571142e-02 -4.25966606e-02
 -4.44100164e-02 -1.77477617e-02 -1.98635664e-02 -5.92059605e-02
  4.68357559e-03  5.35360258e-03  5.52067310e-02  2.06050724e-02
 -2.94440202e-02  2.52025528e-03  2.35090824e-03  5.93362097e-03
 -3.95255648e-02  1.60618331e-02 -4.76947092e-02 -3.91809717e-02
  6.20939918e-02  3.16741578e-02 -2.38914173e-02 -4.30426747e-02
  2.85717938e-02  1.31755052e-02  5.64394034e-02 -8.08741897e-03
 -9.70155757e-04  5.50128445e-02 -2.36491244e-02 -2.34291907e-02
  1.06640691e-02  1.13764867e-01  6.55933050e-03 -3.95002589e-03]"
0,"[ 5.87450303e-02  6.63044006e-02  8.25290661e-03  6.26374036e-03
 -1.07674589e-02  4.23759222e-02  1.78567283e-02  2.89054569e-02
 -4.23205607e-02 -4.40743826e-02 -7.07718283e-02 -1.05922334e-02
 -3.97151485e-02  3.42637151e-02  5.86415194e-02  2.47536618e-02
  3.20339873e-02  5.07851169e-02  3.58107910e-02  9.26172882e-02
  7.34952241e-02 -7.41972448e-03 -5.84115647e-02 -2.73298589e-03
  1.61352437e-02  1.40623283e-02  2.09177076e-03  3.51564703e-03
  1.08429687e-02  7.69761130e-02 -4.34847921e-02 -3.59994769e-02
 -3.36731710e-02  2.42305659e-02  4.89387177e-02 -4.45940346e-02
 -3.53113376e-02  2.62625273e-02  1.71254147e-02 -9.73326899e-03
 -1.09399378e-01  2.78372839e-02  1.09674511e-02  5.93436956e-02
 -8.45158398e-02  2.91519798e-02 -4.54246849e-02 -5.04749231e-02
  7.20169162e-03  6.12101220e-02  2.45892406e-02 -1.71201341e-02
 -3.68012232e-03  6.40490502e-02 -1.45150628e-02 -3.62913385e-02
 -3.23876850e-02  3.63202170e-02 -6.36755973e-02 -2.89283749e-02
  4.32564178e-03 -7.64717162e-02 -1.32568097e-02 -5.00593036e-02
 -2.28882628e-03  4.24425192e-02 -4.35470417e-03  2.85638850e-02
 -6.07883818e-02  2.88031958e-02  1.37295632e-03 -3.28497179e-02
 -1.42309582e-02 -1.36827109e-02  2.08326224e-02 -1.97492130e-02
  7.97693655e-02  8.92542824e-02  2.45984476e-02 -2.10136138e-02
  9.73692909e-03  3.12064830e-02 -3.87169607e-02 -1.19174458e-02
  3.22316922e-02 -7.92987570e-02 -6.13973588e-02 -4.23591882e-02
 -2.31345519e-02  1.02026910e-02 -3.30309011e-02  5.64384926e-03
 -9.55367312e-02  2.13788450e-02 -7.80664459e-02 -5.19978590e-02
  4.80071679e-02  1.01941548e-01  5.06950170e-02 -9.24487039e-02
  5.88125177e-02  4.18123789e-02  1.72083615e-03  9.93538927e-03
  4.58464883e-02 -1.06671534e-01 -6.66872934e-02  2.12804526e-02
 -3.88814472e-02 -4.78936639e-03 -1.82045884e-02  5.10141701e-02
  1.93140004e-02  2.75012553e-02  2.33396366e-02  4.59539630e-02
 -2.60379110e-02 -3.85471508e-02  1.05010860e-01  8.01431452e-05
  4.95643280e-02 -3.58909294e-02 -8.16225260e-02  3.84359024e-02
 -2.10038628e-02  5.00243604e-02  4.72010113e-02 -4.33552489e-02
 -1.84458948e-03  3.66294459e-02  2.30721124e-02  3.85883381e-03
  1.44810295e-02  3.31203714e-02  6.35949969e-02 -1.16968751e-02
 -4.29086946e-02  8.67404640e-02 -5.17739588e-03  9.70882922e-03
 -7.24603757e-02 -1.60407238e-02  2.64624227e-02  8.08238331e-03
 -4.21175025e-02 -3.76025843e-03 -1.21753607e-02 -1.11012971e-02
 -4.19015363e-02 -7.74367824e-02  3.50353941e-02 -9.71338619e-03
 -8.10190961e-02  2.78262831e-02  5.20661548e-02 -3.80333364e-02
  7.07948860e-03 -5.46963792e-03  7.33121391e-03  1.27925698e-04
 -2.66207643e-02 -2.13413611e-02  1.01123378e-01  8.48993436e-02
 -4.20454424e-03 -4.66363132e-02 -1.18975434e-02  1.85151417e-02
  9.98953506e-02 -5.91107160e-02  1.93984304e-02  2.41456199e-02
 -1.88685451e-02  2.14387402e-02  4.89059240e-02 -6.08637184e-02
 -1.08775869e-01 -4.78674807e-02 -9.97979119e-02  1.32135320e-02
 -6.39499456e-04 -3.54756154e-02 -2.24912278e-02 -5.88614307e-03
  8.33116248e-02 -2.01522782e-02 -3.86187546e-02  8.24589506e-02
 -3.60587761e-02  8.34519565e-02  7.88143836e-03 -7.38340290e-03
  2.38284077e-02  1.52140995e-02  3.13456804e-02 -3.39897946e-02
  5.82972215e-03  1.37262894e-02  4.24047336e-02 -2.60968618e-02
 -5.30816130e-02  2.28548665e-02  3.79846990e-02 -2.85462309e-02
  1.45580126e-02 -4.70486917e-02 -1.20648006e-02  1.87292583e-02
 -5.40124737e-02  3.73618715e-02  1.24463707e-03 -6.01025298e-02
 -8.48568324e-03 -5.67427538e-02  1.65372621e-02 -2.82600336e-02
  5.14827147e-02 -3.65036093e-02  7.55050872e-03 -2.52009984e-02
 -3.94702516e-02  2.02634204e-02  6.96208503e-04 -1.12406030e-01
 -2.99879573e-02 -5.29183215e-03 -2.91860010e-02 -1.27506390e-01
  4.70229350e-02  4.46646996e-02  3.96983586e-02  3.35884057e-02
  1.63993388e-02 -8.75461660e-03 -3.84963839e-03 -5.67355603e-02
  1.73265114e-02 -1.97627172e-02 -2.07936950e-02 -5.83041273e-02
 -6.16049543e-02 -5.95826656e-02  3.68796736e-02  6.43650256e-03
 -7.65968114e-04  2.72732135e-03  5.16702756e-02 -1.83392670e-02
  7.71285035e-04 -4.56686169e-02  1.73372887e-02  2.23166402e-02
  7.07401335e-02 -1.15203410e-02  2.86943335e-02  7.84842893e-02
 -3.75543162e-02 -5.53481244e-02  4.91103157e-03 -1.56777631e-03
 -4.14089486e-03 -1.56613775e-02 -1.47439260e-02  7.23869652e-02
  1.38209566e-01 -7.10419640e-02  1.84486788e-02 -2.81767901e-02
  6.93231225e-02 -2.09046877e-03  1.84046607e-02 -2.52235848e-02
  1.46051133e-02 -5.71595095e-02 -1.53043484e-02 -7.85955042e-02
  5.44655360e-02  3.37607004e-02 -1.92996003e-02 -2.53356770e-02
  7.32178986e-02  4.63782474e-02 -1.41517306e-02  4.75724190e-02
 -1.73793454e-02 -8.95128921e-02 -5.93864843e-02  8.27531610e-03
 -1.27979950e-03  4.73818295e-02  3.83129120e-02 -5.61507531e-02
 -1.16640311e-02 -6.30335063e-02 -1.98942702e-02  1.91043373e-02
  3.44391987e-02  5.76133318e-02  1.63729198e-03 -3.42978467e-03
 -2.39613485e-02  1.72695518e-02  1.51247710e-01  7.79102147e-02
 -1.88542847e-02 -1.24403443e-02 -1.46531714e-02  2.27282383e-02
 -4.95042168e-02 -2.66775414e-02  2.31506601e-02  4.70524989e-02
  4.97132074e-03  2.85748541e-02  9.90207717e-02 -4.61262241e-02
  4.92385477e-02 -1.91839729e-02 -1.24519309e-02 -2.34279204e-02
  1.37158874e-02 -3.72663029e-02  4.48425440e-03 -3.42836455e-02
  3.54965776e-02  1.88390836e-02 -3.13997194e-02  4.16541360e-02
 -6.36007963e-03  3.98914814e-02 -3.63415405e-02 -7.59818181e-02
  5.93472123e-02  5.14725670e-02  3.97520401e-02 -5.85960709e-02
 -3.34510580e-02  3.88178527e-02 -1.83732454e-02 -2.89689694e-02
  7.73810670e-02 -1.21232425e-03 -5.99097945e-02  6.24488853e-03
 -8.11900850e-03  8.61995220e-02 -7.14319721e-02 -9.51045472e-03
  8.85621272e-03 -3.79009545e-02  2.09597824e-03  6.27490133e-02
  1.56384651e-02 -2.22745277e-02 -4.32496443e-02 -1.29419416e-02
  2.71755867e-02 -2.47843433e-02  1.79578755e-02  4.63648215e-02
 -2.46640127e-02  9.21447575e-03 -1.11294203e-02  4.06329557e-02
  5.93143925e-02 -2.85200067e-02 -1.15509033e-02  2.94333976e-02
  6.93479702e-02  6.72373623e-02  5.16880155e-02  4.61486876e-02
  7.70832151e-02 -3.57961319e-02 -3.85818705e-02 -6.17166534e-02
  3.15862745e-02 -4.74660732e-02  4.31256276e-03 -2.06553210e-02
  2.34193671e-02  7.12230429e-03 -8.46630335e-02  3.00342795e-02
 -2.65315659e-02 -2.51712613e-02  3.81042622e-02  7.91824516e-03
  5.59242591e-02 -3.95512581e-02  6.69269189e-02  6.71271086e-02
 -3.10795102e-02  1.17742345e-02  9.88716073e-03 -1.20582199e-02
  2.51754560e-02 -1.24848876e-02 -1.50852231e-02 -3.81400324e-02
  5.20296991e-02  8.52322951e-02 -8.67728051e-03  7.16763288e-02
  4.07254025e-02  4.83948030e-02  2.25103833e-02 -4.30523455e-02
 -1.31755443e-02  1.04632871e-02 -3.85916829e-02 -6.39697686e-02
 -9.82733537e-03  4.06935774e-02  6.53638020e-02  8.22189823e-03
 -6.84639588e-02  7.61164650e-02  3.79879698e-02 -9.76174548e-02
 -3.19132321e-02 -2.38698572e-02 -1.34869677e-03 -1.19049596e-02
 -2.68796496e-02 -1.67722777e-02  1.17255077e-02  2.22611036e-02
 -4.45733666e-02  1.00856051e-02 -7.24065229e-02 -3.47135477e-02
  3.54154631e-02  1.62967928e-02 -5.53850792e-02  4.15960886e-02
  4.78673540e-02  2.35122330e-02  9.08172652e-02 -4.60858876e-03
  7.27449581e-02  2.96420231e-02 -9.93354945e-04 -1.78756807e-02
  3.06025986e-02  2.07321979e-02 -6.43006191e-02  3.19110826e-02
 -4.17201295e-02 -1.41520670e-03 -4.77453284e-02 -3.37997265e-02
 -1.75163394e-03 -1.91316083e-02 -6.65858313e-02  3.58795598e-02
  1.15315919e-03  5.18197604e-02  1.07814930e-02 -2.86192391e-02
 -3.81153380e-03  7.54117817e-02  4.62872908e-02  5.50295822e-02
 -1.75545434e-03 -5.23491837e-02  3.37568931e-02 -3.84050608e-02
 -5.20633347e-02 -8.76154676e-02  8.54385048e-02  2.33645178e-02
  4.86578047e-02 -7.49151185e-02  2.98395976e-02 -2.16840710e-02
 -1.78160146e-02 -2.54134201e-02  3.97037379e-02 -2.76157260e-02
 -3.60193923e-02  1.95617527e-02 -2.11364496e-02 -8.01579878e-02
  5.16876690e-02 -1.48335844e-02 -3.91689725e-02  1.32320039e-02
  4.74804677e-02 -2.94245634e-04  4.71936651e-02  5.36271483e-02
 -2.05231979e-02 -8.32439288e-02  3.67807560e-02  2.29236893e-02
 -4.21194881e-02 -8.40600394e-03  1.46805365e-02  3.35222967e-02
 -1.73033476e-02  4.60480414e-02  2.77798511e-02 -3.93007547e-02
  3.98246497e-02 -4.17020284e-02  1.61302909e-02 -2.33095381e-02
  5.82551071e-03  5.33035211e-02 -2.45387852e-02  2.26275828e-02]"
1,"[ 6.22208230e-02  8.77983198e-02  9.63221304e-03 -1.00869015e-02
 -2.08225902e-02  9.66775268e-02  6.87983930e-02 -2.23221220e-02
 -7.02996925e-02  3.78785469e-02 -2.75076777e-02  1.04644537e-01
 -1.70796905e-02  3.96643765e-02 -2.85519715e-02 -7.98234344e-02
 -5.27181961e-02 -1.40024768e-02  3.35140117e-02 -2.64804661e-02
  5.29298410e-02 -2.19646245e-02 -4.28250991e-02  1.07992440e-01
 -3.27598751e-02  6.49215281e-02 -7.43815750e-02 -2.42625512e-02
  6.16569370e-02  7.27298260e-02 -2.15185899e-02 -4.25748080e-02
 -3.53217907e-02 -2.46872175e-02  6.41712046e-04 -2.96219029e-02
 -1.52115403e-02  4.25830521e-02 -6.21355288e-02 -1.99954733e-02
 -8.04264173e-02 -6.79484429e-03 -2.21775658e-02  3.24760266e-02
  1.47680184e-02 -4.87261005e-02  3.15309800e-02 -3.60381454e-02
  1.96213517e-02 -2.08648983e-02 -7.14071319e-02 -2.02735290e-02
  9.92524028e-02  2.75378246e-02 -2.15727054e-02 -1.24052679e-02
 -8.32917094e-02 -1.19831506e-02 -4.95620538e-03 -7.23591633e-03
 -6.59407582e-03 -2.08742637e-02  4.87133898e-02  4.27020080e-02
 -2.89389733e-02 -4.24642973e-02 -4.46734577e-02 -4.54495810e-02
  2.64555439e-02  3.80956866e-02  4.56088260e-02 -8.64881501e-02
  7.09782764e-02 -3.97070730e-03 -9.51757133e-02  5.15782973e-04
 -9.19511393e-02  1.03483535e-01  4.36329208e-02  2.77821105e-02
  7.96339959e-02  3.52366269e-02  2.59021055e-02 -3.12959813e-02
  4.89252061e-02  9.02626514e-02 -4.31932285e-02  4.96465489e-02
 -7.17167333e-02  6.91712499e-02 -2.25073695e-02 -2.89499592e-02
  6.01658784e-03 -4.69295029e-03 -4.72653136e-02 -8.15846920e-02
  1.82672888e-02 -1.68947736e-03  2.26484425e-02 -2.36850102e-02
  9.08849835e-02  2.53243688e-02  3.73421274e-02  3.42603549e-02
  2.49195825e-02 -8.60467367e-03 -2.17149663e-03 -2.54853093e-03
 -4.02468257e-02  5.25916629e-02 -4.13381010e-02  5.87837771e-02
  1.55550968e-02  4.17919196e-02  8.22608471e-02  2.50245277e-02
  1.70683693e-02 -5.25223874e-02  7.42491633e-02 -3.83637510e-02
  8.22654087e-03  6.49293810e-02 -4.15935591e-02  4.09343652e-02
  5.41809686e-02  8.40724725e-03  2.28345338e-02 -4.63563800e-02
 -1.65759567e-02  3.12568434e-02  4.28175740e-02 -3.68898697e-02
 -1.46087743e-02 -4.46434133e-02 -5.68334833e-02 -1.96077432e-02
 -4.57559675e-02  2.54556984e-02  8.87226779e-03 -5.02922162e-02
  2.69959066e-02 -3.94414850e-02  3.14270183e-02  1.39626227e-02
 -2.91826781e-02  6.03024550e-02  1.02560073e-02  1.28724566e-02
  2.65429821e-02 -4.32065874e-02 -2.43174620e-02 -6.11425098e-03
  1.02102729e-02  1.17213063e-01 -1.05637629e-02 -3.80804539e-02
  1.25190131e-02  4.84294072e-02 -1.12332450e-02  4.51126769e-02
 -1.88125279e-02  5.37820794e-02  2.76302025e-02  4.42631133e-02
 -7.31650069e-02 -3.84140387e-02 -5.35891913e-02 -6.37425436e-03
  5.22175580e-02 -3.20203118e-02 -3.60177532e-02  1.68709811e-02
 -1.58422403e-02 -7.35646561e-02  1.45134227e-02 -1.58654042e-02
 -1.46391755e-02  2.41999682e-02 -3.90588753e-02  2.35693604e-02
 -1.63656361e-02  3.86834368e-02  8.68281722e-03 -7.50896633e-02
  2.86155697e-02  5.99737205e-02 -3.20912898e-02 -3.69622894e-02
  2.73553375e-02  9.39794257e-02  1.39295027e-01 -1.36587983e-02
  4.05894779e-02  3.21832933e-02 -1.72301196e-02 -5.15607931e-02
  5.51592559e-02 -9.88946948e-03  4.55563776e-02 -1.94882788e-02
 -8.22579339e-02 -3.19988132e-02  1.53928567e-02 -1.94616430e-02
 -5.63062802e-02  2.37121228e-02 -3.57141905e-02 -3.49693256e-03
  9.50742420e-03 -6.27003238e-02 -3.86510640e-02  7.80263841e-02
  8.56647193e-02 -3.36822011e-02  1.33371642e-02  2.12367298e-03
  5.31683536e-03 -6.11879937e-02  8.43321532e-02 -5.19936755e-02
  4.34266664e-02  6.36983588e-02 -2.09087040e-02 -7.38364607e-02
  4.32739928e-02  6.10346422e-02 -7.68353119e-02 -6.44061416e-02
  2.64097960e-03 -4.04544361e-02  6.79721460e-02  4.02039103e-02
 -2.39796899e-02 -6.57064170e-02 -1.99346431e-02 -1.30569860e-02
 -1.25752278e-02 -1.37138078e-02 -2.01220941e-02  5.02602244e-03
  6.35637194e-02 -3.81966010e-02  8.18474218e-03  5.35284691e-02
 -9.38130915e-03 -2.01460663e-02  3.56951542e-02 -2.78442539e-02
 -1.61486398e-02 -2.27687787e-02 -9.76162869e-03  5.45320567e-03
  2.58142389e-02 -3.51322368e-02 -4.68922518e-02 -3.64767350e-02
  1.08913397e-02  5.56528084e-02 -2.18167678e-02  5.20764291e-02
 -4.37243395e-02 -1.74288941e-03 -1.10679738e-01  4.99993451e-02
  4.51202728e-02  5.08634783e-02 -3.08188666e-02 -1.90984290e-02
 -1.09780105e-02 -2.19120663e-02 -2.03556065e-02 -5.26666790e-02
 -6.21611997e-02 -9.37860459e-02 -2.12031323e-03 -8.52469578e-02
  3.56607474e-02  3.80399749e-02 -2.17869855e-03 -2.29988643e-03
  3.33340839e-02  1.05430521e-02  3.43259126e-02  1.29308820e-01
 -1.21443556e-03 -1.10770343e-02  2.92711519e-02 -6.37995154e-02
 -5.46969250e-02 -4.45665568e-02  2.72082388e-02 -1.76488273e-02
  1.48477675e-02  8.15537944e-03  1.88317001e-02  2.38978714e-02
 -5.56256995e-02  1.90429110e-02  3.79910655e-02  1.60918590e-02
 -2.90925521e-02 -1.01311291e-02  1.10563980e-02 -2.11084448e-02
 -4.62050848e-02 -4.72791381e-02 -3.00521366e-02  3.86481173e-02
  8.90671983e-02  2.49440856e-02  1.19772693e-02 -4.64506187e-02
 -1.08678555e-02 -1.31451152e-02  8.88410769e-03 -4.08690311e-02
  2.39887293e-02 -7.23840110e-03  2.00260039e-02 -2.93556564e-02
 -2.18846127e-02 -4.02322263e-02 -2.65596844e-02 -1.68698952e-02
  4.38831076e-02  3.89121100e-02 -2.47788671e-02 -3.34474668e-02
 -2.51023434e-02  1.00328214e-01 -2.93530896e-02 -3.54163609e-02
  3.12435627e-02  7.00207381e-03  8.64896923e-02 -4.20556106e-02
  1.31698865e-02  3.70816924e-02  2.63488013e-02 -1.78350955e-02
 -3.12914923e-02 -8.94030780e-02 -5.31169176e-02  1.98809132e-02
  1.70548260e-02  3.39739546e-02  6.61514280e-03  4.57733683e-02
 -7.47089311e-02 -4.97092307e-03  6.98201060e-02  2.17069359e-03
 -8.37472528e-02 -6.66417107e-02  9.56739392e-03 -2.03887187e-03
  7.70129636e-02  6.34599924e-02  2.33281832e-02  9.61414259e-03
 -6.35100082e-02 -4.02739421e-02  7.20262155e-03 -5.51374542e-05
  5.56436293e-02  5.93299009e-02  8.13560337e-02  4.56893258e-02
 -3.25818546e-02 -8.60360935e-02  7.33077177e-04  2.43759658e-02
  1.12429094e-02  9.85873630e-04 -2.54094787e-02 -1.45109305e-02
  4.44470122e-02 -3.24204713e-02  5.01357056e-02 -1.80741940e-02
  6.16078600e-02  2.44657975e-02  1.23789329e-02  3.17157358e-02
  5.78968488e-02  5.41939102e-02 -9.64158922e-02 -1.99926812e-02
 -1.93774735e-03  3.66120636e-02 -6.54890686e-02 -1.73257813e-02
  1.02773299e-02  6.04386851e-02  4.13848013e-02  4.77699153e-02
 -4.41614399e-03 -2.93457955e-02  1.24991983e-02 -2.23569162e-02
  9.74727795e-03  7.22851753e-02  5.11934943e-02  8.19052830e-02
 -5.34228124e-02  3.69549617e-02 -1.63386445e-02  6.07760344e-03
 -4.01474200e-02 -6.09358326e-02 -1.41618093e-02 -2.50185151e-02
  5.10891415e-02  2.18651947e-02 -2.37744511e-03 -2.53233034e-02
 -2.87376679e-02  6.42207414e-02  2.81006750e-02  1.33337304e-02
  2.52981503e-02  2.75872257e-02  9.16192029e-03  1.38554992e-02
 -1.18101388e-02  2.48246510e-02 -2.41038427e-02  2.63950303e-02
  2.37895790e-02  5.34455255e-02  5.40920980e-02 -4.95692305e-02
  8.32427442e-02 -1.85061209e-02  1.19218547e-02 -2.09108461e-02
 -1.82587914e-02 -3.41815350e-04 -1.37247453e-02  2.41501327e-03
  4.38338518e-02  4.32072347e-03 -3.58903110e-02  4.13919762e-02
  1.55535471e-02 -1.09716412e-03  5.08437306e-02  4.80067953e-02
  6.17726194e-03 -7.50529915e-02  1.48148471e-02 -6.35156706e-02
  1.78207848e-02  4.22873609e-02 -4.81781811e-02  1.82180200e-02
  3.57327722e-02  4.68024611e-03  1.51164103e-02  6.93021622e-03
  4.81405891e-02  1.11772893e-02 -3.37080169e-03  6.77999295e-03
  2.14890856e-02 -1.59929469e-02  3.98530811e-02  3.87647487e-02
 -1.06835589e-02 -5.91661148e-02 -6.58625215e-02  4.35604714e-02
  8.19913298e-03 -5.64060099e-02 -4.97014448e-02 -4.66025211e-02
 -2.08618380e-02  1.51552381e-02  2.65637431e-02 -1.47577533e-02
 -4.88920063e-02 -4.33805995e-02 -9.24724936e-02  1.65675413e-02
 -3.81567217e-02 -5.87563254e-02 -2.86532100e-03 -1.37096569e-02
  1.17468936e-02  1.20996395e-02  7.32763559e-02  7.62842298e-02
 -5.61212096e-03 -1.66795608e-02 -5.04155830e-02  6.32821545e-02
 -3.14016826e-02 -2.40108389e-02 -8.14424828e-02  3.46914260e-03
  2.71555930e-02  1.02964416e-01  1.73266251e-02 -3.28945629e-02
  1.60887875e-02 -6.45666197e-02 -2.23589595e-02 -4.91183577e-03
 -2.36133952e-02  4.62638512e-02 -8.58482867e-02  7.91364536e-02]"
2,"[-1.16609102e-02  4.59433682e-02  1.06898295e-02 -3.26319574e-03
 -2.03774869e-02 -1.52900228e-02  6.11311831e-02  2.72614919e-02
 -3.37264384e-03  4.86689545e-02  2.38513853e-03  3.81588154e-02
 -2.92154253e-02  1.90240182e-02  2.10093763e-02 -4.19383645e-02
 -5.62659502e-02 -5.55341644e-03  7.57137896e-04 -6.39343560e-02
  8.82511493e-03 -9.40353274e-02 -9.31542814e-02  2.69903317e-02
 -7.12713152e-02 -2.11565085e-02 -8.14243965e-03  1.96126681e-02
 -6.28713742e-02  4.69968542e-02 -1.45498272e-02 -3.45056877e-02
  2.66018361e-02 -3.32688950e-02  3.50812525e-02 -3.81282866e-02
 -1.17066866e-02  6.09045057e-03  4.96701449e-02 -4.45569269e-02
  5.64169660e-02  1.85216069e-02  3.65271904e-02  6.87333569e-03
 -1.10294353e-02 -3.56648527e-02 -2.09904127e-02  4.80507240e-02
  2.82965358e-02  8.47000405e-02 -1.49044087e-02 -5.02110720e-02
  5.45958914e-02 -5.95970303e-02 -6.97834343e-02  2.77981479e-02
  1.48663176e-02 -9.07376707e-02  8.56557563e-02  2.08976362e-02
 -1.73334032e-02 -7.17669725e-02  1.01331621e-01  3.88594642e-02
 -4.28205170e-02  1.26310661e-02 -4.86034527e-02 -1.44332834e-02
  1.22048240e-02  3.55095714e-02  2.62526199e-02 -6.95766648e-04
  1.99641027e-02 -1.55333048e-02 -2.38746889e-02  1.11856051e-02
 -9.33723897e-02  7.46791810e-02  5.79841323e-02 -3.14161042e-03
  7.77985230e-02 -7.68056065e-02  5.30196878e-04  2.18223641e-03
 -4.45900299e-03  6.54181242e-02 -6.23376444e-02  7.05047026e-02
 -6.64872602e-02  4.78153192e-02 -4.03224006e-02  1.69089511e-02
  1.01027496e-01  2.19439249e-02 -5.69440611e-02 -5.80024756e-02
 -3.39371189e-02  3.29152904e-02 -7.49380793e-04 -1.17160529e-02
  6.47524372e-02 -1.55055998e-02  7.18549863e-02  9.39796958e-03
 -5.82755581e-02 -5.72223328e-02 -6.88414797e-02  1.60581302e-02
 -2.14035381e-02 -9.49444808e-03  4.57757479e-03  3.54703516e-02
 -2.98724361e-02  6.49238238e-03  7.61220753e-02 -5.00035360e-02
  1.19384825e-02  1.37991402e-02 -3.78965102e-02 -3.58874351e-02
 -2.11773161e-03 -4.13023941e-02  3.70669458e-03  2.29454953e-02
  2.81326305e-02 -4.70721982e-02 -8.72636400e-03 -4.39800471e-02
  1.08712427e-02  3.50768416e-04 -8.83052349e-02  4.89356592e-02
  3.75777483e-03 -1.62787065e-02 -4.23293374e-02 -2.60599349e-02
 -1.58948153e-02 -4.50227782e-02 -1.65632572e-02 -4.08925721e-03
 -1.78076103e-02 -2.40425076e-02 -1.09816408e-02 -2.14844644e-02
 -7.27269147e-03 -8.27629119e-03  2.63467897e-02  7.44931102e-02
 -2.49552149e-02  5.35752103e-02  7.14116264e-03  5.16997389e-02
 -4.55582812e-02  3.65105011e-02  4.22508689e-03 -1.85532514e-02
  5.64748831e-02 -1.55768264e-02 -2.96580605e-04  6.60789087e-02
  1.83896273e-02  3.94257577e-03 -3.30735967e-02  1.10249419e-03
 -4.03245836e-02  4.33289222e-02  3.20664980e-02 -5.15054241e-02
 -2.01718658e-02 -5.27155735e-02 -3.94925065e-02 -2.09654346e-02
  2.31862869e-02  8.76144543e-02  7.11181434e-04  3.02010700e-02
 -4.39221263e-02 -1.52153214e-02  3.56499255e-02 -4.05549817e-02
  4.07210551e-02 -4.24449239e-03 -2.98611689e-02  1.43195679e-02
  8.19943100e-02  4.61620167e-02  6.24763444e-02 -1.55736413e-02
  1.36476755e-02  1.20192766e-02 -2.39495076e-02 -3.93936224e-02
 -7.21734995e-03 -8.69867671e-03 -3.06217223e-02 -3.00021414e-02
 -5.28176017e-02 -5.37844822e-02  1.64311081e-02  3.20766680e-02
  1.11607732e-02 -2.20850855e-02  1.75950937e-02 -8.81660823e-03
  4.48768549e-02 -3.34128775e-02 -1.42745703e-01 -2.55587082e-02
  6.27997220e-02 -3.77077870e-02 -1.07535973e-01  1.30001297e-02
 -3.97551358e-02 -5.57220317e-02  2.18126886e-02  1.18005965e-02
 -1.40203407e-03 -8.49648565e-02 -5.15147345e-03  2.15964187e-02
  1.52376771e-01  6.03508539e-02  6.14256877e-03 -7.27841929e-02
  2.24255100e-02 -3.13986018e-02  2.46189106e-02  2.53411792e-02
  7.10584596e-02 -2.11116467e-02 -1.66252609e-02 -4.09753360e-02
  3.43636610e-02  2.52008485e-03  1.43224280e-02 -6.20340407e-02
 -4.14517149e-02 -3.96119915e-02 -4.25993139e-03 -7.66844722e-03
 -6.19169362e-02 -5.17021827e-02 -9.73214954e-02  8.86457115e-02
 -9.07347947e-02  5.79912663e-02 -1.36794737e-02 -5.35332859e-02
 -3.91356042e-03 -3.99147831e-02  3.16144451e-02  1.17224924e-01
  5.34007810e-02 -8.49955454e-02 -5.20497002e-03 -3.24143507e-02
 -1.02282986e-01 -4.27079201e-02 -1.04070082e-02  6.53180256e-02
 -1.99352149e-02 -4.38125394e-02 -1.01988338e-01  9.66175199e-02
 -7.02102259e-02 -2.99104098e-02  5.55784628e-02 -9.16602165e-02
 -4.63759005e-02 -6.36808500e-02 -1.45175029e-02 -1.80476680e-02
 -2.56247614e-02  2.07553618e-02  2.61600800e-02 -9.60648758e-04
  3.30763534e-02  1.49906492e-02  1.70921609e-02 -2.29180995e-02
 -4.15804759e-02 -5.06913178e-02 -1.66979413e-02  2.59528626e-02
  1.77703332e-02  2.46074572e-02 -7.96058625e-02  2.17535328e-02
  2.11007316e-02 -1.39868064e-02  1.40523370e-02  2.82164235e-02
  2.77637150e-02  3.63431051e-02  5.41974492e-02  3.79162319e-02
 -6.24303631e-02 -3.87816550e-03 -1.31433320e-04  3.48134190e-02
  4.48695291e-03 -3.85508756e-03  1.47144394e-02 -1.70991607e-02
  2.02920493e-02 -1.64334997e-04  3.95881198e-02 -3.80302556e-02
  2.06423569e-02  2.96551641e-02 -2.95754639e-03 -1.92414559e-02
 -6.21754639e-02 -6.57470971e-02  2.43336353e-02 -2.51868404e-02
 -6.69299997e-03 -1.69184746e-03 -7.66338315e-03  8.07356555e-03
  3.02886236e-02  5.99372648e-02  3.03330296e-03  1.86267812e-02
  4.26993072e-02  7.81808123e-02 -3.27254981e-02 -8.40027332e-02
 -1.23134376e-02  4.52518053e-02  1.28677199e-02 -3.31437252e-02
 -3.12946476e-02 -1.06342910e-02  2.40932927e-02  2.53133569e-02
  4.48963456e-02 -7.83284754e-03 -3.05386800e-02  7.53438892e-03
 -6.69413134e-02 -2.14493535e-02 -4.67691272e-02 -1.74925104e-02
  3.43091860e-02 -5.72088063e-02  2.14718916e-02  2.77016908e-02
  4.18709405e-02  4.67605628e-02 -3.73775251e-02 -1.56870857e-02
 -3.73421721e-02 -1.66993365e-02  5.71106896e-02  8.31725821e-02
 -1.05481381e-02  8.23713187e-03  4.24911305e-02 -1.40494863e-02
  3.04778386e-02  4.95656841e-02  2.49699336e-02 -7.77529972e-03
  2.37945504e-02 -4.77338284e-02  3.84218916e-02 -3.61186899e-02
 -6.77341968e-02  4.34716791e-03  1.77291129e-02 -1.32169798e-02
 -2.50812527e-02 -1.32058281e-02  3.68140265e-02 -4.42647599e-02
 -4.31828611e-02  1.79227162e-02  1.99836046e-02  6.56496733e-02
  5.48075587e-02  3.93645465e-02 -4.99851517e-02  3.24587338e-02
  2.75387596e-02  3.74812484e-02 -1.24552893e-02  3.92249078e-02
  4.80659083e-02  6.01822278e-04  3.05724125e-02 -2.95338351e-02
  1.94084272e-02 -2.81845573e-02  2.58177891e-02  3.52659263e-02
  6.70694187e-02  6.32639378e-02 -2.72736531e-02  2.46039312e-02
 -8.22631568e-02  2.98653487e-02  6.38504997e-02 -3.03597562e-03
 -5.32157905e-02 -1.36516076e-02 -5.84018938e-02  8.98852721e-02
  1.65774766e-02 -3.22296307e-03 -1.19856678e-01  5.83782829e-02
 -6.57216683e-02 -1.08744530e-02 -1.57161299e-02  3.63512188e-02
 -4.98751663e-02  7.20466441e-03 -5.11610471e-02  9.75974370e-03
 -1.50201060e-02  1.06901126e-02  3.31699699e-02 -5.00018289e-03
  5.02310656e-02  1.57112442e-02 -9.71282646e-03 -3.47746164e-02
 -5.62258027e-02  7.28118569e-02  1.45212896e-02 -2.14266144e-02
  8.47964212e-02 -9.69191715e-02 -3.14169340e-02 -1.09525509e-02
 -5.29374322e-03 -3.39021510e-03 -8.29206407e-02  3.56622674e-02
 -4.72868085e-02 -6.47266209e-02 -3.23292501e-02 -3.65282893e-02
  2.48986389e-03  5.89127019e-02 -2.83273403e-02 -4.22786810e-02
  4.53964248e-02 -2.71811374e-02 -7.03655509e-03  5.02925413e-03
 -2.29930151e-02 -8.55264068e-02 -6.48723124e-03  5.65857925e-02
 -2.69296747e-02  3.89526263e-02 -8.34157839e-02  2.31285561e-02
 -1.22931553e-02 -1.28448740e-01 -1.97631363e-02  7.90727884e-02
  7.26203695e-02  1.96851827e-02 -2.48222351e-02  4.73042913e-02
  2.42679734e-02 -3.53010334e-02 -7.37653822e-02 -5.69677465e-02
 -2.15106364e-02 -7.39902258e-02 -6.55338615e-02  2.53845192e-02
 -6.76547289e-02 -1.03243012e-02 -1.24688237e-03 -9.00288578e-03
 -1.00383935e-02  2.79289167e-02 -3.65450010e-02 -6.37531504e-02
 -1.68573298e-02  2.23430265e-02 -3.87797318e-02 -1.74692124e-02
  4.81685624e-02  2.08484530e-02 -8.76713451e-03  3.43017392e-02
  6.92958711e-03 -6.87545836e-02 -4.61862236e-02  1.48454309e-02
  4.63673234e-04  4.69119214e-02 -3.58448327e-02 -1.40974754e-02
  4.04727608e-02  8.99408236e-02  4.74815778e-02  5.47682121e-03
  2.49076337e-02  6.94890916e-02 -4.96620536e-02 -6.84572086e-02
 -1.02371601e-02  2.49262620e-02  7.75589347e-02 -8.88613313e-02]"
4,"[ 4.50019762e-02  5.64910173e-02 -7.17428233e-03  1.44645264e-02
  1.93139352e-02  1.65230352e-02 -3.61804292e-02  5.84650338e-02
  9.55873877e-02  2.15575397e-02  1.36052081e-02 -2.30827779e-02
  1.68591905e-02  1.90914404e-02  2.56972648e-02  1.20873842e-02
 -7.90559724e-02  4.64640073e-02 -3.78057100e-02  4.25744392e-02
 -4.30975817e-02 -3.73780094e-02 -4.05732505e-02 -2.56664623e-02
  5.03211282e-02  1.98993422e-02 -1.14294793e-03  5.62449358e-02
  7.81339686e-03  2.19591297e-02 -1.59945972e-02  1.60175115e-02
 -1.82350874e-02  3.38524766e-02  2.90983561e-02 -3.18676867e-02
 -6.47105568e-04 -2.89450306e-02  2.32517701e-02  4.64639924e-02
 -3.53546850e-02  7.85937160e-02  1.65292062e-02 -1.78783629e-02
 -6.59353063e-02 -1.38561381e-02 -1.47291841e-02 -4.82464954e-02
  1.58729814e-02  3.71919796e-02  2.83782277e-02  2.63509545e-02
 -7.07245842e-02  2.27400325e-02 -1.13416668e-02 -4.99063879e-02
 -1.04616592e-02 -4.05233540e-02 -2.49293074e-02  1.29672699e-02
  3.85003053e-02 -1.01499120e-02  1.57315917e-02  7.74789136e-03
 -3.02255508e-02  5.12066223e-02  3.15198186e-03  1.69667490e-02
 -4.39447537e-02  6.39041290e-02  2.30462849e-02  5.13288900e-02
 -3.73271741e-02 -4.09102291e-02 -1.50312542e-03  1.44248754e-02
  6.52411804e-02  7.93110356e-02  6.96839467e-02 -1.01120025e-02
 -3.73839214e-02 -1.35145765e-02 -2.88001411e-02 -3.34060229e-02
 -5.38102053e-02 -8.34427029e-02 -3.03663854e-02 -3.41532677e-02
  4.25863126e-03 -3.43976133e-02 -3.42679583e-02 -1.80912651e-02
  3.00191417e-02 -3.26337181e-02 -7.42315501e-02  2.37542503e-02
 -1.06168047e-01  2.27474645e-02  1.02968283e-01 -2.89192963e-02
  2.40029581e-02 -2.61655152e-02 -2.23574854e-04 -1.19306613e-02
 -2.97899954e-02  5.36960103e-02 -1.26383817e-02 -6.27300739e-02
  7.12079229e-03  5.06515801e-02 -5.88419382e-03  1.31880611e-01
  1.30394055e-02 -1.04331318e-02  2.39598984e-03  3.49875428e-02
 -8.45209658e-02 -1.16927579e-01  2.52451636e-02 -2.83067469e-02
 -4.05619107e-02 -1.95163637e-02 -3.89767289e-02 -6.24781125e-04
  9.08944383e-03 -1.88924968e-02  1.53810913e-02 -1.29262707e-03
  7.21222907e-02 -9.68808588e-03 -1.97107047e-02 -6.00747811e-03
 -8.52530077e-02 -2.79289018e-02  6.09356537e-02  2.72383410e-02
 -5.23599572e-02  7.93937221e-02  1.64791737e-02 -2.19003558e-02
 -1.91896819e-02  7.25494921e-02 -5.19522056e-02  1.78704247e-01
 -2.00330224e-02 -8.77417699e-02 -8.16885009e-03  4.99267094e-02
  2.10343283e-02  1.80323757e-02 -4.58330702e-04 -2.27497686e-02
 -3.46918367e-02  2.72519346e-02 -5.30551262e-02  4.02516834e-02
  2.58827452e-02  3.27911712e-02  4.55439240e-02  1.88833904e-02
 -1.93543620e-02 -1.44277088e-04  1.07216397e-02 -4.17011380e-02
 -7.20114913e-03 -3.38686369e-02 -8.59126970e-02 -5.94362840e-02
  6.10210709e-02 -4.74466532e-02 -4.40108813e-02  2.45554950e-02
 -3.27111669e-02 -1.06759360e-02  2.63496954e-02 -2.51153838e-02
 -1.79041065e-02 -6.87273443e-02  3.31263000e-04  3.15465406e-02
  5.35943219e-03 -3.23377587e-02  5.54287955e-02 -3.49605232e-02
  3.75502855e-02 -2.44831257e-02  1.64254420e-02 -1.16929431e-02
  3.81147582e-03  1.02551105e-02  1.48673141e-02 -2.13180995e-03
 -4.56164964e-02  6.13554195e-03  3.46460938e-02 -5.22948541e-02
  3.70667204e-02  7.88577646e-02  1.18624307e-02 -4.76062149e-02
  1.42085599e-02 -4.50040847e-02 -3.41129936e-02 -5.01431003e-02
  2.27264967e-02 -5.52234501e-02  4.09219675e-02 -1.33641185e-02
  4.00073268e-02  6.85482845e-02  4.39746156e-02 -3.59525206e-03
  4.39904891e-02 -3.10214646e-02 -2.58223694e-02 -8.10871720e-02
 -3.18753682e-02  7.44242594e-03 -7.70091265e-02  7.02940375e-02
 -4.86482903e-02  4.88742301e-03 -8.82389918e-02  4.56922129e-02
  3.23469527e-02 -2.11415030e-02 -4.47069965e-02 -7.17051253e-02
  4.60100686e-03 -4.34223823e-02 -1.11220265e-02 -3.14996671e-03
 -1.12251617e-01  5.19891456e-02 -7.15836585e-02  2.31463015e-02
  2.76657380e-02 -3.27743888e-02 -1.90552082e-02 -1.75360963e-02
 -1.02383019e-02 -7.18542039e-02  1.05239283e-02  9.10739880e-03
  4.43148706e-03 -3.36046554e-02 -4.06900886e-03 -9.47647076e-03
 -2.02719420e-02 -2.67280247e-02  9.23091080e-03 -1.62385292e-02
  1.03290178e-01  3.59038962e-03  4.45779003e-02  2.98306402e-02
  5.68779930e-02  4.82221358e-02  1.40622538e-02  1.05232676e-03
 -1.56589355e-02 -4.32495736e-02  6.60379007e-02  3.47414725e-02
  6.62924945e-02 -8.75812992e-02 -2.21016328e-03  4.67613898e-02
  1.77767258e-02 -4.35067434e-03 -1.14137558e-02  2.43497472e-02
 -1.13314688e-02  1.03673235e-01  2.32968722e-02 -3.65279764e-02
 -1.38176801e-02  1.39562022e-02  4.00722474e-02 -1.78501774e-02
  1.61096808e-02  2.48280801e-02  8.24559946e-03 -4.60667163e-02
  1.10861547e-01 -1.86676886e-02 -7.19272345e-03 -7.43194968e-02
  3.53051722e-02 -1.88277848e-03  1.57318115e-02  4.16675545e-02
 -1.05822999e-02 -9.53445211e-03 -5.36484160e-02  2.85662170e-02
  6.66680709e-02  4.12912369e-02 -4.57185730e-02  1.08582014e-02
 -1.11589082e-01 -1.14598926e-02  1.19701758e-01  3.50878127e-02
 -1.96947958e-02 -4.65272516e-02  7.58223012e-02 -3.69913653e-02
 -2.76376922e-02 -3.81232537e-02  1.07405828e-02  6.82991520e-02
 -2.98427846e-02  5.31953946e-02 -2.45063175e-02 -3.20922583e-02
 -4.82067987e-02 -6.54968247e-02  3.47714275e-02 -4.63941619e-02
  1.51758045e-02  2.02693176e-02 -4.26970161e-02 -9.12292153e-02
 -9.53164976e-03  1.75057061e-03 -5.95766194e-02  5.42008691e-02
  4.85065579e-02 -6.47083893e-02 -2.40411721e-02 -2.72029713e-02
  4.84841801e-02 -2.80616395e-02  7.91932642e-02  8.11076313e-02
 -8.16445276e-02 -2.22948249e-02 -6.54282644e-02 -3.75260375e-02
  6.33588582e-02  3.52730304e-02  5.07260226e-02  5.19598536e-02
  5.66023514e-02 -2.41229050e-02 -1.00934424e-01 -7.33538121e-02
  2.57003643e-02  5.88971227e-02 -1.03852684e-02  6.22942718e-03
  3.22344489e-02  1.61636919e-02 -5.02109043e-02 -5.80109693e-02
 -1.02922004e-02  4.64186817e-02  6.11269206e-04  1.78453920e-03
 -5.98634034e-02  6.82137683e-02  2.77477745e-02  1.75655074e-02
 -1.34228012e-02  2.13439018e-02  7.19781220e-03 -6.03433698e-02
  3.43902744e-02 -1.11813396e-02 -1.52400201e-02 -3.86992060e-02
  3.64234820e-02 -9.72447395e-02 -4.81876023e-02 -1.24129897e-03
 -5.00760563e-02  3.40920798e-02 -1.71795078e-02 -6.88922033e-02
 -6.53466769e-03  1.66765396e-02 -8.56149346e-02 -4.87167761e-02
 -2.23241877e-02  6.28886628e-04  3.44846435e-02 -1.46240983e-02
  6.20877258e-02 -6.48751855e-02  1.66366044e-02  5.59001341e-02
 -7.10469708e-02 -1.54644363e-02 -2.92289760e-02 -4.26060036e-02
  3.04806828e-02 -7.30108619e-02  2.37134309e-03 -5.87437935e-02
  3.95581573e-02  5.53967245e-02 -7.86702260e-02 -8.08814820e-03
  3.56620401e-02 -3.26638930e-02  4.38964292e-02 -7.24769682e-02
  4.93384860e-02  4.12408300e-02 -1.15098944e-02  1.34097086e-02
 -4.25225794e-02 -8.28522630e-03  5.04732728e-02 -2.00251248e-02
 -6.96278885e-02  5.75942546e-02 -3.49648483e-02 -3.44059989e-02
 -3.87076810e-02 -3.04867905e-02 -4.82785255e-02  8.42142329e-02
 -3.50456461e-02 -3.58874649e-02  4.68743593e-02  6.31728396e-02
  2.30831578e-02 -1.98710915e-02 -1.15262605e-01 -5.22164777e-02
  4.80509736e-02  2.18176865e-03 -1.22050621e-01  1.34870019e-02
  4.30322103e-02 -8.90276674e-03  2.32716533e-03 -6.03085943e-03
  7.54772648e-02  3.15065421e-02  5.24871647e-02  2.43276414e-02
 -1.12357605e-02  3.09336334e-02 -7.64850751e-02 -2.16457509e-02
  4.49691787e-02  3.75554971e-02 -1.23872412e-02 -2.35971548e-02
 -2.30465513e-02  3.04829441e-02 -2.13144207e-03  8.61834735e-02
 -3.33629213e-02  6.70213550e-02  2.35185083e-02 -2.05124225e-02
  4.10238793e-03  5.34281395e-02 -1.39550054e-02 -2.11175736e-02
 -1.01274569e-02  3.21219526e-02 -6.43077446e-03 -1.59072336e-02
  2.19634399e-02 -3.78886349e-02 -2.73466539e-02  4.09764722e-02
  7.48947859e-02 -6.22066110e-02  3.06671858e-02 -1.23805308e-03
  3.55947800e-02 -2.10346691e-02 -5.51956054e-03 -1.22218253e-02
  5.93048334e-02 -3.53923962e-02  1.63098834e-02  3.08813229e-02
  4.04826961e-02 -2.69932598e-02 -4.28561680e-02  4.47607972e-03
  4.30987030e-02  1.38838505e-02  8.05135667e-02  1.19836647e-02
 -4.84510809e-02 -3.18807252e-02  1.93165392e-02  6.07519709e-02
 -5.70705459e-02  2.08290443e-02 -2.95316838e-02 -6.76251762e-03
  2.16150889e-03  1.07160229e-02 -2.69306544e-02  1.31927133e-02
 -9.12909117e-03  5.75648285e-02 -6.20172396e-02  2.13356353e-02
  3.16402204e-02  4.85540032e-02  5.93038686e-02  1.87604800e-02]"
