vehicle_id,camera_id,count,mean,std,p0013,p02,p05,p10
1,S01c003,91,0.948925256729126,0.026376819238066673,0.8712080729603767,0.8825235486030578,0.9053159356117249,0.9119645953178406
1,S01c002,1035,0.793265700340271,0.11383084952831268,0.5134205423355103,0.5712555408477783,0.5962220370769501,0.6264580011367797
1,S01c004,15,0.9406944513320923,0.03873748332262039,0.8662480453968048,0.8703082728385926,0.876822006702423,0.8834890007972718
9,S01c003,9180,0.942295491695404,0.04494016617536545,0.8158715501368046,0.831568900346756,0.8434627652168274,0.8646475791931153
9,S01c001,190,0.9146243333816528,0.05806495249271393,0.7578309075891971,0.7812863886356354,0.8014528185129166,0.8207307159900665
9,S01c002,210,0.9083420038223267,0.052566204220056534,0.7541286947190762,0.7874524068832397,0.8124970138072968,0.8332417011260986
9,S01c004,351,0.9000524282455444,0.058252181857824326,0.7007228234410285,0.7535374164581299,0.7854861319065094,0.8172674179077148
36,S01c003,12246,0.9322742819786072,0.059791579842567444,0.5610565555691719,0.7808675825595855,0.8152855336666107,0.8641737997531891
36,S01c001,231,0.9203431606292725,0.04923519864678383,0.7524394223690033,0.7937266111373902,0.8186065852642059,0.8519532084465027
36,S01c002,153,0.9465182423591614,0.035186272114515305,0.8275871757030487,0.8388259863853454,0.8526007413864136,0.9084043264389038
36,S01c004,630,0.8970121741294861,0.05864100158214569,0.7235283320188522,0.7621362245082856,0.7832714140415191,0.8123490512371063
34,S01c003,406,0.9111299514770508,0.051480285823345184,0.7680762908458709,0.7933567225933075,0.8204534500837326,0.8366556465625763
34,S01c001,210,0.9293025135993958,0.03282478451728821,0.833955139786005,0.8542121934890747,0.8679948717355728,0.8867410898208619
34,S01c002,45,0.9165189266204834,0.0546850822865963,0.7781797534942627,0.7903519558906555,0.8279498100280762,0.8461716413497925
34,S01c004,1081,0.9308403134346008,0.04679501801729202,0.7317402365207673,0.7655882239341736,0.8432717323303223,0.8756887316703796
7,S01c003,406,0.8822043538093567,0.07590329647064209,0.6518863991498948,0.689471447467804,0.7267042398452759,0.7704222202301025
7,S01c001,231,0.8657300472259521,0.07032141089439392,0.6738200079202652,0.7160924077033997,0.7387394309043884,0.775453507900238
7,S01c002,45,0.8794420957565308,0.0886189267039299,0.6932359998464585,0.7095376467704773,0.7147221684455871,0.743073844909668
7,S01c004,1596,0.852269172668457,0.12215866893529892,0.44519859996438027,0.4830644905567169,0.552137941122055,0.6638228893280029
54,S01c003,378,0.9079814553260803,0.045764390379190445,0.7662562511801719,0.7938127243518829,0.8253823459148407,0.8444745182991028
54,S01c001,190,0.9099628925323486,0.04382512718439102,0.7883230877578259,0.8148854923248291,0.8282638877630234,0.8429081380367279
54,S01c002,21,0.8318482637405396,0.09404294192790985,0.6357999405860901,0.6403371930122376,0.6476162075996399,0.7220271825790405
54,S01c004,861,0.8430362343788147,0.12706772983074188,0.36912620431184767,0.4279570162296295,0.5478125214576721,0.6621283888816833
35,S01c003,105,0.9355074167251587,0.047113317996263504,0.7846312305450439,0.8026278901100159,0.8643592953681946,0.8752132415771484
35,S01c001,190,0.9446203708648682,0.02673235349357128,0.896322078794241,0.8984935319423676,0.9026045054197311,0.9111063182353973
35,S01c004,3655,0.953326940536499,0.04162134975194931,0.7824738498806953,0.8311641550064087,0.8605838775634765,0.8900320291519165
8,S01c003,45,0.9591305255889893,0.02533460035920143,0.8779940364599228,0.8942240810394287,0.922764778137207,0.9264893651008606
8,S01c001,78,0.9265617728233337,0.03618389740586281,0.8567244401991367,0.8687324559688568,0.8700990349054336,0.8785235822200775
8,S01c002,6,0.9740161895751953,0.010050390847027302,0.9578580715954303,0.9583860218524933,0.9592330008745193,0.9606446325778961
8,S01c004,465,0.9386290907859802,0.044276222586631775,0.7644337578773499,0.8348942875862122,0.8519060134887695,0.8749543905258179
10,S01c003,190,0.8796657919883728,0.0813196524977684,0.686036589705944,0.696771445274353,0.7278073012828827,0.7575500428676605
10,S01c001,28,0.9593172073364258,0.019132087007164955,0.9241132600128651,0.9254454481601715,0.9271021634340286,0.9281217634677887
10,S01c002,171,0.9093579649925232,0.0439363569021225,0.7976627959012985,0.8118379235267639,0.8309203684329987,0.8509063720703125
37,S01c003,91,0.9003726840019226,0.044803667813539505,0.7955891255736351,0.8116549253463745,0.817855566740036,0.8269665837287903
37,S01c001,45,0.8687223792076111,0.06137293949723244,0.6928888484477996,0.7348596906661987,0.7854806184768677,0.7960235238075256
37,S01c002,1,0.9613380432128906,0.0,0.9613380432128906,0.9613380432128906,0.9613380432128906,0.9613380432128906
37,S01c004,325,0.8439599871635437,0.13570599257946014,0.2759611512422562,0.38539151072502137,0.472215473651886,0.7246591329574585
11,S01c003,496,0.8756920695304871,0.08653675764799118,0.6055624787509442,0.6491153836250305,0.6787930130958557,0.7578155994415283
11,S01c001,78,0.9052934050559998,0.05462411046028137,0.7595849778234959,0.788696129322052,0.8028870612382889,0.8217436969280243
11,S01c002,136,0.9226308465003967,0.040259234607219696,0.8316007833182811,0.8477428376674652,0.8565525412559509,0.8658999800682068
11,S01c004,231,0.941749632358551,0.025060804560780525,0.878447589814663,0.8873773097991944,0.8975526690483093,0.9049730896949768
12,S01c003,153,0.864737331867218,0.09690503031015396,0.5764308280944824,0.6428025889396668,0.6797042965888977,0.7127104997634888
12,S01c001,21,0.9304776787757874,0.031472187489271164,0.8641740003824234,0.8673025012016297,0.8723214864730835,0.8888097405433655
12,S01c002,36,0.8967392444610596,0.059107210487127304,0.7660759626924991,0.7734399974346161,0.7869856357574463,0.8170469999313354
12,S01c004,171,0.9166178703308105,0.05291975289583206,0.7525352966785431,0.8021081924438477,0.8132341206073761,0.8464421033859253
33,S01c003,226128,0.9625187516212463,0.08299841731786728,0.6153749716460705,0.7016144371032715,0.7234448492527008,0.7753294587135315
33,S01c002,946,0.8078141212463379,0.11746983230113983,0.5247730880975723,0.588767796754837,0.6079321652650833,0.6428520977497101
33,S01c004,256686,0.9374952912330627,0.056059423834085464,0.5565503391623497,0.745835667848587,0.821411982178688,0.8995575308799744
13,S01c003,105,0.8980756998062134,0.06497538089752197,0.6936474584102631,0.7419085645675659,0.7570462107658387,0.7981207728385925
13,S01c001,21,0.9018504619598389,0.06691916286945343,0.7489598097801209,0.7630908846855163,0.7857610583305359,0.8156228065490723
13,S01c002,36,0.9383001327514648,0.022313768044114113,0.8866724045574665,0.8940437734127045,0.9006574302911758,0.9069521129131317
13,S01c004,91,0.9095324873924255,0.039850227534770966,0.8105943793058396,0.8331527352333069,0.8491106927394867,0.8592502474784851
14,S01c003,91,0.9294163584709167,0.03253928944468498,0.8458268873691559,0.8523033142089844,0.8673704266548157,0.8828527331352234
14,S01c001,66,0.9172511696815491,0.03991736099123955,0.7949884093403816,0.8350253641605377,0.8454373478889465,0.8603526055812836
14,S01c002,1,0.9382864832878113,0.0,0.9382864832878113,0.9382864832878113,0.9382864832878113,0.9382864832878113
14,S01c004,325,0.8358834385871887,0.0904182717204094,0.5431240781784058,0.6121084570884705,0.6752679586410523,0.7168650388717651
15,S01c003,105,0.9623610973358154,0.020531145855784416,0.9012329818725586,0.9140758061408997,0.9247344374656677,0.9329156160354615
15,S01c001,15,0.9533005356788635,0.024662410840392113,0.9002410234212875,0.9040736436843873,0.9102222323417664,0.9168689966201782
15,S01c002,45,0.93534255027771,0.02609044313430786,0.8796040543794632,0.8894007754325867,0.8933343172073365,0.9000996232032776
15,S01c004,91,0.9547317624092102,0.01650608330965042,0.9030967759490013,0.9184133052825928,0.9231285452842712,0.9302017688751221
38,S01c003,66,0.9110879302024841,0.03376002237200737,0.8415263288915157,0.8470748960971832,0.8515959978103638,0.856447696685791
38,S01c001,78,0.8813968300819397,0.05345633998513222,0.7246183815300464,0.75843470454216,0.787400272488594,0.8087091386318207
38,S01c004,325,0.8329234719276428,0.1212199479341507,0.4839319437146187,0.5414493775367737,0.5925269365310669,0.6398913145065308
17,S01c003,136,0.8197706341743469,0.11308354884386063,0.46551223880052567,0.5468661546707153,0.6311919540166855,0.6725997030735016
17,S01c001,15,0.9352284073829651,0.023844795301556587,0.8871811347484588,0.8884308052062988,0.8904356241226197,0.9005560874938965
17,S01c002,28,0.8969067335128784,0.07596538960933685,0.728614540797472,0.7349905478954315,0.7464088201522827,0.7602461814880371
17,S01c004,120,0.8694572448730469,0.05511981621384621,0.7147519288361073,0.7444399785995484,0.7668276965618134,0.795545244216919
16,S01c003,153,0.9324191212654114,0.03281589224934578,0.8412330390453339,0.8573751473426818,0.8642402768135071,0.8855017900466919
16,S01c001,91,0.9404440522193909,0.029765071347355843,0.8763945435285568,0.8825230121612548,0.8901145160198212,0.8992749452590942
16,S01c002,10,0.945314884185791,0.01771935075521469,0.9140539304852485,0.9158006286621094,0.9186028182506562,0.9232731342315674
16,S01c004,496,0.8794761896133423,0.08908838033676147,0.5404169737994671,0.5914599359035492,0.699955552816391,0.7530218362808228
18,S01c003,105,0.8537846207618713,0.09411760419607162,0.5977483250617981,0.648440511226654,0.6820962786674499,0.7025430083274842
18,S01c001,15,0.9170634150505066,0.043995484709739685,0.8218000765562058,0.8305483627319336,0.8445830464363098,0.8549676179885864
18,S01c002,36,0.9098222255706787,0.036971356719732285,0.8415286948978901,0.8466804802417756,0.8490993231534958,0.8563126623630524
18,S01c004,105,0.9204529523849487,0.03666992112994194,0.8220954617023468,0.8315805411338806,0.8623522281646728,0.8759501218795777
55,S01c003,36,0.9293373823165894,0.025675253942608833,0.8747468938231469,0.8775099039077758,0.8842847794294357,0.8922738432884216
55,S01c001,66,0.945522129535675,0.02454482391476631,0.8828941711783409,0.8910029172897339,0.9013864696025848,0.9094876050949097
55,S01c004,253,0.8857492208480835,0.07192491739988327,0.6908278854131699,0.7281823992729187,0.7535407185554505,0.7734419345855713
39,S01c003,36,0.9345591068267822,0.02825850620865822,0.8483848951160907,0.8650428116321563,0.8744443655014038,0.9107855260372162
39,S01c001,55,0.9404981732368469,0.029032418504357338,0.8618184566020965,0.8654730081558227,0.8877148389816284,0.9010206937789917
39,S01c004,210,0.9065166711807251,0.05467614904046059,0.755634389424324,0.7888753116130829,0.8129338502883912,0.8318573236465454
19,S01c003,78,0.9338763356208801,0.04138898476958275,0.811433067125082,0.821828908920288,0.848529714345932,0.8755727708339691
19,S01c001,55,0.8752255439758301,0.05187658220529556,0.7485610635399819,0.7759580039978027,0.7954525709152221,0.8090145111083984
19,S01c002,6,0.903035581111908,0.05001838877797127,0.8077617221474648,0.8146438956260681,0.8256848156452179,0.8440863490104675
19,S01c004,253,0.8825123310089111,0.08826649934053421,0.5830116093158721,0.6330860710144043,0.7058011412620544,0.7625174880027771
20,S01c003,78,0.941636323928833,0.027161650359630585,0.8777485451579093,0.8868072783946991,0.8941249489784241,0.9067798495292664
20,S01c001,55,0.9396874904632568,0.03279855474829674,0.8723050818204879,0.8748283100128174,0.8799405217170715,0.8916750431060791
20,S01c002,6,0.9380803108215332,0.030248358845710754,0.8936692508459091,0.8942394614219665,0.8951542377471924,0.8966788649559021
20,S01c004,253,0.8857592940330505,0.0802670493721962,0.6617854521036148,0.6970223331451416,0.7225512623786926,0.7573989629745483
21,S01c003,66,0.9248443245887756,0.04256098344922066,0.8409245323240757,0.845867258310318,0.8531999886035919,0.8606654107570648
21,S01c001,15,0.8976455330848694,0.046506479382514954,0.8053245226979255,0.8162274932861329,0.833718889951706,0.8472323894500733
21,S01c002,36,0.8940891623497009,0.05438913032412529,0.7922460460066796,0.7955564618110657,0.7989885807037354,0.8165347576141357
21,S01c004,78,0.9301426410675049,0.03614332154393196,0.8208444712400437,0.8432557928562164,0.8629092603921891,0.8726489543914795
22,S01c003,105,0.9049948453903198,0.038520071655511856,0.8283493196487427,0.8368226742744446,0.8477227687835693,0.8531144261360168
22,S01c001,55,0.9098146557807922,0.041844453662633896,0.8218960056066513,0.8362481379508973,0.8439011454582215,0.8536988973617554
22,S01c004,300,0.8138755559921265,0.11684456467628479,0.47464165523946283,0.5474581241607666,0.603742727637291,0.6513878881931305
24,S01c003,91,0.8914034366607666,0.07260987907648087,0.6934277276396752,0.7218156814575195,0.7588127553462982,0.7874091267585754
24,S01c001,15,0.9123650789260864,0.03645778447389603,0.8594294888496399,0.8597948837280274,0.8603810787200927,0.8663660287857056
24,S01c002,36,0.8834910988807678,0.07243315875530243,0.7093187105953693,0.7200019776821136,0.728856548666954,0.756944328546524
24,S01c004,78,0.9347875714302063,0.03542028367519379,0.8199247259497643,0.8419037473201751,0.8697257339954376,0.8840031087398529
25,S01c003,66,0.9347717761993408,0.029702501371502876,0.8549011676013469,0.8665951788425446,0.8890144228935242,0.8955802917480469
25,S01c001,21,0.923753023147583,0.051271162927150726,0.8054133694171905,0.8216335296630859,0.847655177116394,0.856756329536438
25,S01c002,120,0.9208457469940186,0.03555213287472725,0.8321230929493905,0.853558247089386,0.8584045708179474,0.872052663564682
40,S01c003,28,0.9599714279174805,0.016499651595950127,0.9308512641131877,0.932147399187088,0.9356980472803116,0.94082270860672
40,S01c001,45,0.9471915364265442,0.023188449442386627,0.9034261622428894,0.9035546541213989,0.9083883166313171,0.9120579600334168
40,S01c004,231,0.9512697458267212,0.03054942563176155,0.8350114428400993,0.8755711674690246,0.8881173133850098,0.9056245684623718
42,S01c003,171,0.9072610139846802,0.060705915093421936,0.7307670837044716,0.7605196475982666,0.7929457724094391,0.8177900314331055
42,S01c001,4278,0.8675650954246521,0.09318309277296066,0.5620172079980373,0.6429157102108002,0.6853117644786835,0.725267904996872
48,S01c003,87153,0.9245916604995728,0.05289822816848755,0.6425877628326416,0.7521918678283691,0.8276066064834595,0.8694795846939087
48,S01c001,136,0.9150838851928711,0.054604422301054,0.7919062723219394,0.7993662834167481,0.8106019794940948,0.8204896152019501
48,S01c002,190,0.9251595735549927,0.0397927388548851,0.8154805502653122,0.8386192083358764,0.8521312206983567,0.8622278094291687
48,S01c004,276,0.8722631335258484,0.0716736912727356,0.7056418973207473,0.7246478796005249,0.7427075654268265,0.7645191252231598
26,S01c003,190,0.9306266903877258,0.03687235713005066,0.855778196656704,0.8675908982753754,0.8748719185590744,0.8809023141860962
26,S01c001,465,0.9477502107620239,0.02594328671693802,0.8632724205017089,0.8884394454956055,0.8986967921257019,0.9106164813041687
26,S01c002,150975,0.958548367023468,0.03295684978365898,0.7981641356348992,0.8581793355941773,0.8900884330272675,0.9130040884017945
26,S01c004,253,0.9578889012336731,0.02501356601715088,0.8726807579278946,0.8890696883201599,0.9044751167297364,0.9215553641319275
49,S01c003,1953,0.8978565335273743,0.06452959030866623,0.6219291553497315,0.7363528990745545,0.7824617385864258,0.8156304240226746
49,S01c001,190,0.9267279505729675,0.045456040650606155,0.7765703229069709,0.816749074459076,0.8397082835435867,0.8679696202278138
49,S01c002,171,0.9293137192726135,0.04338061437010765,0.8171998357772827,0.8416146397590637,0.8559941053390503,0.8696433901786804
49,S01c004,595,0.8908365368843079,0.05167989805340767,0.7791334967970848,0.7975709414482117,0.8066938102245331,0.8187847375869751
27,S01c003,561,0.9149748682975769,0.04416690394282341,0.771478349685669,0.8140836238861084,0.8339087963104248,0.8521345853805542
27,S01c001,22791,0.894809365272522,0.0745057687163353,0.513481803715229,0.6623072504997254,0.7471539676189423,0.8055563569068909
27,S01c002,990,0.8988280296325684,0.05904407799243927,0.7217744570016861,0.7609173512458801,0.7870305985212326,0.813712602853775
27,S01c004,253,0.9327788352966309,0.04195275157690048,0.81689541451931,0.8359952855110169,0.8506328225135803,0.8688407182693482
29,S01c003,496,0.9342143535614014,0.03362107649445534,0.8330163916647434,0.8591636717319489,0.875254675745964,0.8882176876068115
29,S01c001,1035,0.8992765545845032,0.05776882544159889,0.7350498873353004,0.7812253212928773,0.7969946444034577,0.8191559076309204
29,S01c002,1035,0.8834898471832275,0.07741455733776093,0.6205608925938606,0.7026052784919739,0.735933494567871,0.7634365320205688
29,S01c004,190,0.9348996877670288,0.044722069054841995,0.7688646779954433,0.7968242633342743,0.8283739924430847,0.8739892244338989
43,S01c003,21,0.9728619456291199,0.011135180480778217,0.9518945055007935,0.9523521184921264,0.953086256980896,0.9540683031082153
43,S01c001,630,0.8892859816551208,0.06418175995349884,0.7308936170041561,0.7600484561920166,0.7805199503898621,0.794932746887207
31,S01c003,253,0.9408741593360901,0.027644813060760498,0.8677270187139511,0.8766543889045715,0.890646755695343,0.9074056506156921
31,S01c001,1596,0.8861526846885681,0.06795106083154678,0.7119327382147312,0.746395367383957,0.7682952433824539,0.7865488529205322
31,S01c002,630,0.9066978096961975,0.05542450025677681,0.7043523346960544,0.7639529752731323,0.7992325931787491,0.8306026697158814
31,S01c004,105,0.9474881887435913,0.029858358204364777,0.8616689329624176,0.8775606083869935,0.8957226514816284,0.9005822539329529
32,S01c003,91,0.9271764159202576,0.034587763249874115,0.846498316347599,0.8548006772994995,0.8681979775428772,0.8793792724609375
32,S01c001,595,0.8486296534538269,0.11357173323631287,0.5478864067435265,0.5871955156326294,0.6234888911247254,0.6613932251930237
32,S01c002,351,0.909971296787262,0.05719377472996712,0.6946106994152069,0.7403013110160828,0.7969892024993896,0.8305342793464661
32,S01c004,55,0.9126057028770447,0.03776199743151665,0.8396636020302772,0.8429445552825928,0.8437524676322937,0.8584468722343445
28,S01c003,903,0.8574957251548767,0.069957435131073,0.6651240611195565,0.7095896577835084,0.7374040722846985,0.7593499541282653
28,S01c001,561,0.9120578169822693,0.04149900749325752,0.7819575233459473,0.8225385665893554,0.8384064435958862,0.851020336151123
28,S01c002,1540,0.9076639413833618,0.06137407571077347,0.6706577110171318,0.737615954875946,0.7965502679347992,0.8294776678085327
28,S01c004,378,0.9356757402420044,0.045012958347797394,0.7802395555317402,0.8126983284950257,0.8348322629928588,0.8707677364349365
44,S01c003,595,0.8617463707923889,0.09410898387432098,0.5462731581091881,0.6061381459236145,0.6636258065700531,0.7417943716049195
44,S01c001,1275,0.8148998618125916,0.10562797635793686,0.5722402647018433,0.6129532432556153,0.6373879492282868,0.6613385081291199
44,S01c004,276,0.9126333594322205,0.08238178491592407,0.6571973966062069,0.6795551776885986,0.7121687233448029,0.7567523717880249
45,S01c003,496,0.8750066161155701,0.07983874529600143,0.6670680041611194,0.7161391854286194,0.737916499376297,0.7654223442077637
45,S01c001,1176,0.7675407528877258,0.16011634469032288,0.3250769603997469,0.41937820613384247,0.47984521836042404,0.5415731072425842
45,S01c004,231,0.9240582585334778,0.05751793459057808,0.7592727771401405,0.7796459078788758,0.7914529144763947,0.8367725014686584
46,S01c003,465,0.8367238640785217,0.10467047989368439,0.5972054306983948,0.614246985912323,0.6378254652023315,0.6836200833320618
46,S01c001,1128,0.7687705755233765,0.11815663427114487,0.4936425563454628,0.5569059455394745,0.5862304270267487,0.6186436831951141
46,S01c004,253,0.9100384712219238,0.08539295196533203,0.5736504437685013,0.6488701581954956,0.691636610031128,0.7884364008903504
47,S01c003,595,0.8368734121322632,0.1113244965672493,0.5422168991565705,0.5923298740386963,0.6384222209453583,0.6719897747039795
47,S01c001,1653,0.8181606531143188,0.10936286300420761,0.5605677195549011,0.6001789617538452,0.6267244338989257,0.6673273921012879
47,S01c004,276,0.9154412746429443,0.05625265836715698,0.7516004464030266,0.7819644510746002,0.8088200092315674,0.8295896947383881
51,S01c003,741,0.9103221297264099,0.05742046236991882,0.7037526813745498,0.7519841313362121,0.7987067699432373,0.8331546783447266
51,S01c001,120,0.9055060744285583,0.04077515751123428,0.8018865766108036,0.8325379014015197,0.8375308334827423,0.8538951635360718
51,S01c002,210,0.902877926826477,0.06808947026729584,0.6841147629320622,0.7053464496135712,0.7335362195968628,0.8217714488506317
51,S01c004,325,0.9244224429130554,0.05035541579127312,0.6883787167787552,0.7685448145866394,0.824418580532074,0.8656200766563416
50,S01c003,561,0.8551282286643982,0.09585496038198471,0.61756667470932,0.6502404808998108,0.6823825836181641,0.7046067118644714
50,S01c001,120,0.9268380999565125,0.03557372838258743,0.836185338807106,0.8461962163448333,0.8623866021633149,0.8705979585647583
50,S01c002,105,0.9352259039878845,0.03071337752044201,0.837189159154892,0.8688288712501526,0.8797485113143921,0.8912738204002381
50,S01c004,406,0.8726223111152649,0.07633039355278015,0.6047655668258667,0.6780885100364685,0.7153876572847366,0.7645341455936432
56,S01c003,78,0.9226369857788086,0.032959770411252975,0.8249366271436215,0.8481556892395019,0.8687528282403946,0.8827121376991272
56,S01c001,10,0.9480017423629761,0.01889609731733799,0.9150259599745274,0.9168189132213592,0.919695308804512,0.9244893014430999
56,S01c002,45,0.8985474705696106,0.06504585593938828,0.7570241322040557,0.7727524209022522,0.7827383160591126,0.8038177371025086
56,S01c004,78,0.9183788895606995,0.05552435293793678,0.7603963067114353,0.7735019218921662,0.7981785416603089,0.8358299255371093
57,S01c003,136,0.9244264960289001,0.04197055473923683,0.78934230068326,0.7948404133319855,0.8398662507534027,0.8714804947376251
57,S01c001,91,0.9130932092666626,0.05396369844675064,0.7255514646172524,0.7700634360313415,0.8023054301738739,0.8376556038856506
57,S01c002,15,0.9090362191200256,0.05278412625193596,0.7659941758871078,0.7889780068397522,0.8258504629135132,0.8538382649421692
57,S01c004,406,0.8754401803016663,0.09694243967533112,0.5272795881032943,0.6115235030651093,0.684458389878273,0.7336118817329407
58,S01c003,28,0.913906991481781,0.04111670330166817,0.7977118772506714,0.814212749004364,0.8357639998197556,0.8493388533592224
58,S01c001,55,0.8982087969779968,0.04405637085437775,0.8078767042279243,0.8342217469215393,0.8360947430133819,0.8379988074302673
58,S01c004,231,0.8961418271064758,0.06798291206359863,0.7026157450675964,0.7327356934547424,0.7531042098999023,0.7969649434089661
59,S01c003,78,0.9268373250961304,0.031519148498773575,0.846518553441763,0.8634904515743256,0.8672642081975936,0.8912353932857513
59,S01c001,45,0.9336758852005005,0.028069745749235153,0.8634034698009491,0.8673950552940368,0.8889286637306213,0.894905424118042
59,S01c002,3,0.9715495705604553,0.010154077783226967,0.958980475795269,0.9594645428657532,0.9602411210536956,0.9615354180335999
59,S01c004,276,0.8618670701980591,0.11978933960199356,0.44022945694625376,0.48508089780807495,0.5175417810678482,0.7776401937007904
60,S01c003,91,0.9237498044967651,0.040964581072330475,0.8002275130152703,0.8234308004379273,0.8488715291023254,0.8612996935844421
60,S01c001,15,0.9197024703025818,0.03146640211343765,0.8757336531877518,0.8758302450180053,0.8759852051734924,0.8786216497421264
60,S01c002,36,0.9360280632972717,0.022558674216270447,0.8883973907828331,0.8936334013938904,0.8972818851470947,0.9001647233963013
60,S01c004,91,0.9582905769348145,0.019732842221856117,0.9031716967225075,0.9157791852951049,0.9219235777854919,0.9300660490989685
61,S01c003,91,0.9254517555236816,0.04689768701791763,0.75887144780159,0.8034921526908875,0.8371179103851318,0.862914502620697
61,S01c001,15,0.9471476078033447,0.019536826759576797,0.9223294103264809,0.9224809455871582,0.922724050283432,0.9230536699295044
61,S01c002,45,0.9300888776779175,0.049644168466329575,0.8199762009382248,0.820818018913269,0.8241927623748779,0.8428872942924499
61,S01c004,91,0.9458662867546082,0.0316951759159565,0.8608426713347435,0.8704364657402038,0.8898788094520569,0.90077805519104
63,S01c003,91,0.9174475073814392,0.0565577894449234,0.7517279025316238,0.7560002446174622,0.7938106954097748,0.8464651107788086
63,S01c001,15,0.9550853967666626,0.019644631072878838,0.9139901254057884,0.9173071575164795,0.9226285994052887,0.9281936883926392
63,S01c002,36,0.9220726490020752,0.044041141867637634,0.8181403590738774,0.8254937827587128,0.8324065953493118,0.8447860479354858
63,S01c004,91,0.9140008091926575,0.04518516734242439,0.7722046009898186,0.8020169138908386,0.8273217976093292,0.8555625081062317
64,S01c003,153,0.8818292617797852,0.07781516015529633,0.6371225535392762,0.652872953414917,0.73658686876297,0.7706767559051514
64,S01c001,28,0.923505961894989,0.04207923263311386,0.8468680152535438,0.851901421546936,0.8567537218332291,0.8598543226718902
64,S01c002,36,0.9177044630050659,0.03433642536401749,0.8552054669260979,0.8603762507438659,0.8676203340291977,0.8756417632102966
64,S01c004,153,0.9247201085090637,0.03653266280889511,0.8175004379749298,0.835539128780365,0.8532054781913757,0.8726411700248718
62,S01c003,78,0.9310058951377869,0.03479299694299698,0.8698520469903946,0.873674635887146,0.8751379519701004,0.8790213763713837
62,S01c001,6105,0.8578633666038513,0.09443935006856918,0.49460256147384646,0.6135660147666931,0.6804884314537049,0.7150752305984497
65,S01c003,28,0.8629947304725647,0.06817910075187683,0.7143058813393116,0.7189272654056549,0.7346988141536712,0.775836044549942
65,S01c001,45,0.8816061019897461,0.04177781194448471,0.8155994659423829,0.8274515175819397,0.8311169862747192,0.8351110696792603
65,S01c004,171,0.8498653769493103,0.10015272349119186,0.5661819897890091,0.6023525595664978,0.6597112417221069,0.6962239742279053
66,S01c003,66,0.8895158171653748,0.06500373780727386,0.7516626617312432,0.7657772541046143,0.772288054227829,0.7869596779346466
66,S01c001,36,0.9088017344474792,0.03212276101112366,0.8405374661386013,0.8476671993732452,0.8568743914365768,0.8726109266281128
66,S01c002,6,0.8993155360221863,0.04558167979121208,0.816728480041027,0.821938943862915,0.830297976732254,0.8442296981811523
66,S01c004,190,0.9088446497917175,0.06544452905654907,0.7019569217205047,0.7332492399215699,0.7795869648456574,0.8027953565120697
67,S01c003,91,0.934763491153717,0.031337786465883255,0.8368743580579757,0.8650010108947754,0.8808889091014862,0.8922997713088989
67,S01c001,10,0.9331809878349304,0.026342466473579407,0.8905376531720162,0.8916030144691467,0.8933121502399445,0.8961607098579407
67,S01c002,36,0.9270290732383728,0.035098232328891754,0.8348055607378483,0.8393944919109344,0.848717600107193,0.8841915726661682
67,S01c004,91,0.9056413173675537,0.07171870768070221,0.6719405167102813,0.7185890555381775,0.7727759182453156,0.8034759163856506
68,S01c003,21,0.8973610997200012,0.06169269606471062,0.7849870604276658,0.7866165041923523,0.7892305850982666,0.8079646825790405
68,S01c001,36,0.8989260792732239,0.04914948344230652,0.794509686589241,0.7972315788269043,0.8220761567354202,0.834479808807373
68,S01c004,171,0.8593614101409912,0.09387313574552536,0.6174116016030312,0.65173499584198,0.6861376464366913,0.7253944277763367
69,S01c003,45,0.9246640801429749,0.03125296160578728,0.8719705338716507,0.874440667629242,0.8813581585884094,0.8859602093696595
69,S01c001,15,0.9305316805839539,0.02827213704586029,0.8741562060952187,0.8772740936279297,0.882276052236557,0.8938494920730591
69,S01c002,45,0.9088737368583679,0.04553525149822235,0.8155903055667877,0.8239359021186828,0.8423477649688721,0.847713053226471
69,S01c004,105,0.8915621638298035,0.05176027491688728,0.7529272184371948,0.7658272552490234,0.7815586566925049,0.8177849292755127
70,S01c003,1326,0.934985339641571,0.03938795626163483,0.7721997231245041,0.837921142578125,0.8632333725690842,0.8805696964263916
70,S01c001,78,0.92899489402771,0.06120907887816429,0.7615698100328445,0.7903054368495941,0.7935689628124237,0.8146742343902588
70,S01c002,171,0.9504803419113159,0.018311137333512306,0.8999817529916764,0.9086288928985595,0.921064704656601,0.9261896014213562
73,S01c003,153,0.9475764036178589,0.020191676914691925,0.8963892273902893,0.9011542344093323,0.9158140063285828,0.9224329352378845
73,S01c001,23220,0.934332549571991,0.05010085925459862,0.6863035955488682,0.7921701061725617,0.8345166832208634,0.8693919837474823
73,S01c002,561,0.9113089442253113,0.05078253522515297,0.7579219117164612,0.7990170121192932,0.8220199346542358,0.8391007781028748
73,S01c004,136,0.9390131831169128,0.03793215751647949,0.8665870559811593,0.8684964060783387,0.8746575564146042,0.879809707403183
74,S01c003,378,0.9303065538406372,0.04000752791762352,0.8130239013075828,0.8332902491092682,0.8481559514999389,0.8674713373184204
74,S01c001,55278,0.9435579180717468,0.048916444182395935,0.7175661108970642,0.7973822736740113,0.8331838041543961,0.8742667019367218
74,S01c002,91,0.9326805472373962,0.03329034149646759,0.8435725674629212,0.8681777119636536,0.8746881186962128,0.8813297152519226
74,S01c004,1326,0.782376229763031,0.13186326622962952,0.45485728338360787,0.5004658252000809,0.5344601422548294,0.576683521270752
71,S01c003,53628,0.911199688911438,0.11316400021314621,0.41991740826070306,0.5064289462566376,0.6000274211168289,0.7638541877269746
71,S01c001,1830,0.7072707414627075,0.16705244779586792,0.3244519053995609,0.4043224012851715,0.4372719809412956,0.4778852939605713
71,S01c004,378,0.8678499460220337,0.11187776178121567,0.5327095495164395,0.5832747113704682,0.631478214263916,0.6885694563388824
52,S01c003,210,0.933340311050415,0.04012515768408775,0.812740977370739,0.8236239778995514,0.8651115357875824,0.8814367234706879
52,S01c001,528,0.8937329649925232,0.06028999015688896,0.6777423089921475,0.7311909711360931,0.7739632964134217,0.813450163602829
52,S01c002,234270,0.9496762752532959,0.03167814388871193,0.8026073528528214,0.8535180532932282,0.8855811893939972,0.907965874671936
52,S01c004,253,0.9171875715255737,0.06426765024662018,0.6658854773998261,0.711225335597992,0.7878266096115113,0.8381175398826599
53,S01c003,171,0.8997979164123535,0.0623166486620903,0.7692785958647728,0.7812490463256836,0.7929903864860535,0.8011266589164734
53,S01c001,465,0.9096465110778809,0.051770493388175964,0.7568112831115723,0.7861873841285706,0.8071061253547669,0.8378455877304077
53,S01c002,1035,0.882416844367981,0.0756782665848732,0.6678201945900917,0.7121851515769958,0.7407884061336517,0.772240686416626
53,S01c004,210,0.9225122928619385,0.04414212331175804,0.7978828659296036,0.8243965566158294,0.836705031991005,0.8637696802616119
75,S01c003,190,0.931592583656311,0.04054867848753929,0.7744569055736065,0.8238552522659301,0.8576063960790634,0.878358805179596
75,S01c001,595,0.8980226516723633,0.05145876854658127,0.7307340087890625,0.7559130477905274,0.7821773529052735,0.8304562211036682
75,S01c002,325,0.880020022392273,0.07585589587688446,0.6565665395736694,0.7176540350914001,0.7387857079505921,0.7570569753646851
75,S01c004,253,0.913774311542511,0.04822169616818428,0.7486628575801849,0.7982181334495544,0.8171782255172729,0.8506384253501892
76,S01c003,171,0.9109691381454468,0.07103779911994934,0.6672842590808868,0.6806434750556946,0.722502589225769,0.8408658504486084
76,S01c001,496,0.8757488131523132,0.06353545933961868,0.707759485900402,0.7527146935462952,0.7674412876367569,0.7906896770000458
76,S01c002,780,0.8785057067871094,0.07359132915735245,0.6419673752725125,0.7064068126678467,0.7395204603672028,0.771770840883255
76,S01c004,210,0.9313637018203735,0.04217318072915077,0.7701781588435173,0.8331591594219208,0.851644080877304,0.8660335123538971
77,S01c003,136,0.906430184841156,0.05776194855570793,0.7619753568768501,0.7796597957611084,0.7942961305379868,0.8168129920959473
77,S01c001,435,0.9207696914672852,0.04071943834424019,0.8038937277674675,0.8239360976219178,0.842735105752945,0.8576518416404724
77,S01c002,703,0.8954920172691345,0.09410696476697922,0.49667466122508047,0.5434493923187256,0.6900935232639313,0.7988683104515075
77,S01c004,190,0.9255433082580566,0.041727326810359955,0.8251842284142971,0.833384975194931,0.8464768797159195,0.8671540319919586
78,S01c003,15,0.9276629090309143,0.035447340458631516,0.8631560920000076,0.8632317113876343,0.8633530259132385,0.8732784509658813
78,S01c001,666,0.8049668073654175,0.10436839610338211,0.5669891440570355,0.6067217886447906,0.6303662657737732,0.657368391752243
81,S01c003,15,0.9759267568588257,0.007442094851285219,0.9663228444218636,0.9663503551483155,0.9663944900035858,0.9679521799087525
81,S01c001,703,0.9033234119415283,0.05494982376694679,0.7368323908686638,0.776348602771759,0.7990713298320771,0.8235634565353394
80,S01c003,105,0.9423017501831055,0.026049045845866203,0.8850045110702515,0.8879652714729309,0.8968411564826966,0.9124290466308593
80,S01c001,406,0.864800214767456,0.07817922532558441,0.6667940121889114,0.6941947042942047,0.721368283033371,0.748279482126236
80,S01c002,528,0.9205770492553711,0.04645094275474548,0.7912712099909782,0.8284400391578675,0.8402344286441803,0.8521681785583496
80,S01c004,136,0.938676118850708,0.03711917996406555,0.8334502657651901,0.8518082618713378,0.8732144683599472,0.8859540522098541
82,S01c003,136,0.9289014339447021,0.05006984993815422,0.7805790736675262,0.807566124200821,0.8332037627696991,0.8513409197330475
82,S01c001,528,0.894231379032135,0.042441580444574356,0.7584853589892387,0.7841945672035218,0.8199513971805572,0.8360484659671783
82,S01c002,630,0.8932152390480042,0.060456909239292145,0.7355639189839364,0.7664477586746216,0.7870709449052811,0.8074219346046447
82,S01c004,210,0.913393497467041,0.07794144004583359,0.6163640300095081,0.6472396683692933,0.7536511898040772,0.8254349052906037
86,S01c003,21,0.9322468042373657,0.03023683838546276,0.877474805355072,0.8781378626823425,0.8792015910148621,0.8794893026351929
86,S01c001,666,0.8321235179901123,0.08597530424594879,0.6194031706750392,0.6480828583240509,0.6718296855688095,0.7119177877902985
85,S01c003,78,0.923963189125061,0.047364477068185806,0.7944655267715454,0.8079964601993561,0.8110290884971618,0.8585898578166962
85,S01c001,231,0.8668454885482788,0.061584342271089554,0.6946124517321587,0.7279340624809265,0.7496656775474548,0.7701314687728882
85,S01c002,378,0.8804354667663574,0.08384467661380768,0.6050036943733692,0.6512386393547058,0.693730941414833,0.7711192548274994
85,S01c004,120,0.9183254241943359,0.05347803607583046,0.7167355896711349,0.7857617008686065,0.8112088143825531,0.8469289362430572
89,S01c003,666,0.9045478105545044,0.07174123078584671,0.6697213014066219,0.7218468308448791,0.7440240234136581,0.8050879240036011
89,S01c002,903,0.8764944672584534,0.07722780853509903,0.5886212069272995,0.640341420173645,0.7403772711753845,0.7736186265945435
89,S01c004,409060,0.9631722569465637,0.05645472928881645,0.61891360424757,0.7141872322559357,0.8911266595125198,0.9330597639083862
90,S01c003,231,0.9139182567596436,0.06045493483543396,0.7226636390686035,0.7535282731056213,0.7803193926811218,0.8078464865684509
90,S01c002,780,0.8123356699943542,0.12089765816926956,0.46530392002165316,0.5412593460083008,0.5827924966812134,0.6289660632610321
90,S01c004,780,0.837534487247467,0.09566253423690796,0.6022761827886105,0.6411128616333008,0.6677803754806518,0.7054369270801544
72,S01c003,496,0.8713772892951965,0.07725013047456741,0.6957015747725963,0.7183188438415528,0.7343403548002243,0.7546613812446594
72,S01c001,1596,0.8315553665161133,0.08616993576288223,0.5692638694047928,0.6460203349590301,0.6835826188325882,0.7193528711795807
72,S01c004,325,0.9197402596473694,0.05028294026851654,0.7479929625034333,0.7874851799011231,0.8100379824638366,0.8447660803794861
91,S01c003,435,0.9296539425849915,0.04884277284145355,0.742134041595459,0.7952201724052429,0.832216328382492,0.864912474155426
91,S01c002,1081,0.821117639541626,0.12218669801950455,0.47155227613449097,0.5218904852867127,0.5658053159713745,0.6358158588409424
91,S01c004,1225,0.8106003403663635,0.1392192393541336,0.442409970664978,0.5087871885299683,0.5408306002616883,0.5988279104232788
92,S01c003,253,0.9223434329032898,0.05428239330649376,0.7425989928722382,0.7606664419174194,0.8062514901161194,0.8440424323081971
92,S01c002,990,0.8586375713348389,0.07253418117761612,0.5923562903225422,0.6706556141376495,0.7250788778066635,0.7679056406021119
92,S01c004,780,0.893450915813446,0.06601320952177048,0.6940461568772793,0.7450101280212402,0.7663588643074035,0.7954150140285492
93,S01c003,276,0.921066403388977,0.04528658092021942,0.7850998465716839,0.8158097863197327,0.8297190070152283,0.8549285531044006
93,S01c001,171,0.9007790684700012,0.05142010748386383,0.7310511565804482,0.776270580291748,0.8023476898670197,0.8347114324569702
93,S01c002,36,0.9393783211708069,0.04469059407711029,0.8007441045045852,0.8294424891471863,0.8590962588787079,0.8792164921760559
93,S01c004,3570,0.9016589522361755,0.07592536509037018,0.5701695555090904,0.6705416369438172,0.7392909705638886,0.8012848854064941
94,S01c001,36,0.9496357440948486,0.01763959228992462,0.9216699521243572,0.9234677851200104,0.9246880114078522,0.9268794655799866
94,S01c004,162165,0.9150698184967041,0.04470692574977875,0.7520068631410599,0.807590606212616,0.8340306758880616,0.8546659827232361
41,S01c001,435,0.850577712059021,0.08463209867477417,0.5994354538917541,0.6518572402000428,0.6932108342647553,0.7399086356163025
41,S01c004,496,0.7984339594841003,0.1267838180065155,0.4583847167342901,0.5017081052064896,0.5527048856019974,0.6157747805118561
88,S01c001,4753,0.9479687213897705,0.036927249282598495,0.8208813774108886,0.8587548732757568,0.8764341831207275,0.8944074988365174
2,S01c002,120,0.9140926599502563,0.04684219881892204,0.8059107700169087,0.8257918345928192,0.8465809017419815,0.8561697661876678
4,S01c002,595,0.9106586575508118,0.06361312419176102,0.706950240790844,0.7514338707923889,0.78077432513237,0.8090607643127441
4,S01c004,465,0.9263013601303101,0.05742522329092026,0.7564420338630676,0.7767739510536193,0.8062309384346008,0.8374882698059082
5,S01c002,253,0.8873744606971741,0.07306111603975296,0.706616583776474,0.7348414039611817,0.7541582584381104,0.7741680145263672
5,S01c004,210,0.8857511281967163,0.06261374056339264,0.6871283243536949,0.7383908915519715,0.7757164061069488,0.8034173429012299
6,S01c002,300,0.8703080415725708,0.0778886079788208,0.6030152716577053,0.690807329416275,0.7176866382360458,0.7657166421413422
6,S01c004,253,0.8909755349159241,0.0680721327662468,0.6914664656162262,0.7328584527969361,0.7593673467636108,0.784804356098175
23,S01c002,190,0.9032931923866272,0.05169004946947098,0.7481791777968406,0.7896063816547394,0.8079285591840744,0.8250010311603546
23,S01c004,210,0.856954038143158,0.0852152481675148,0.5811374682784081,0.6503618812561035,0.7030759572982788,0.7368502378463745
30,S01c002,190,0.9211684465408325,0.05627579241991043,0.7515493656992912,0.7796253955364227,0.8126652300357818,0.8438804924488068
30,S01c004,171,0.9167981743812561,0.051017213612794876,0.7374067353010177,0.771243441104889,0.8212701678276062,0.8509492874145508
79,S01c002,210,0.8524879813194275,0.08076689392328262,0.6442630642294884,0.6700515353679657,0.7110875278711319,0.7321951627731323
79,S01c004,210,0.8494561910629272,0.08282533288002014,0.6618709216952324,0.673317060470581,0.6976878225803376,0.7214710593223572
83,S01c002,231,0.8052403926849365,0.11555887013673782,0.5349199544191361,0.5590518712997437,0.5951488018035889,0.6288768649101257
83,S01c004,231,0.8320367932319641,0.09836927801370621,0.6010893650650978,0.6238453030586243,0.6591051518917084,0.6801398396492004
87,S01c002,2080,0.9352266788482666,0.0575265996158123,0.7230871923148632,0.7763157093524933,0.8134720712900162,0.8440694808959961
87,S01c004,210,0.908612072467804,0.051297321915626526,0.768590164411068,0.8035567319393158,0.817883026599884,0.8363218486309052
84,S01c002,8001,0.9639954566955566,0.01971765048801899,0.88398197889328,0.9163419604301453,0.930039644241333,0.9386678338050842
