vehicle_id,camera_id,count,mean,std,p0013,p02,p05
1,S01c003,105,0.9453065395355225,0.028009193018078804,0.8663577520847321,0.8825006318092347,0.8960552096366883
1,S01c002,5151,0.7780805826187134,0.09488735347986221,0.4602277743816376,0.5680056214332581,0.6118410229682922
1,S01c004,21,0.9121490716934204,0.05996014177799225,0.8050570752620697,0.8059508562088012,0.807384729385376
9,S01c003,9591,0.9362971782684326,0.05440153926610947,0.6970216190218925,0.7975998044013977,0.8315886557102203
9,S01c001,190,0.9146243333816528,0.05806495249271393,0.7578309075891971,0.7812863886356354,0.8014528185129166
9,S01c002,231,0.9068511724472046,0.05304425582289696,0.7544860993027687,0.788256847858429,0.81008380651474
9,S01c004,1653,0.771443784236908,0.12643234431743622,0.38087100464105605,0.4911668074131012,0.5495790123939515
36,S01c003,12246,0.9322742819786072,0.059791579842567444,0.5610565555691719,0.7808675825595855,0.8152855336666107
36,S01c001,231,0.9203431606292725,0.04923519864678383,0.7524394223690033,0.7937266111373902,0.8186065852642059
36,S01c002,171,0.9447082281112671,0.03512674197554588,0.8237228558063507,0.8375628471374512,0.8524014055728912
36,S01c004,2278,0.7523494362831116,0.1751200407743454,0.2992725578933954,0.37274177372455597,0.4221665278077126
11,S01c003,13041,0.8035547137260437,0.11791574954986572,0.4332581539154053,0.522609543800354,0.5765647292137146
11,S01c001,78,0.9052934050559998,0.05462411046028137,0.7595849778234959,0.788696129322052,0.8028870612382889
11,S01c002,153,0.920307457447052,0.04214219003915787,0.8156676512241363,0.8388503956794738,0.8488449573516845
11,S01c004,1711,0.8574559092521667,0.08722645044326782,0.5760862945318223,0.6480980634689331,0.6895325779914856
34,S01c003,1653,0.8290758728981018,0.10411287844181061,0.5689251157045364,0.6077836966514587,0.6374129176139831
34,S01c001,253,0.9141301512718201,0.048294343054294586,0.7651711375713348,0.7904200100898743,0.8110870242118835
34,S01c002,55,0.8952988982200623,0.0731496661901474,0.7025718702793121,0.7547820281982421,0.7583562731742859
34,S01c004,1081,0.9308403134346008,0.04679501801729202,0.7317402365207673,0.7655882239341736,0.8432717323303223
7,S01c003,2016,0.8032077550888062,0.12420260906219482,0.41470813147723673,0.5060028791427612,0.5557415783405304
7,S01c001,253,0.8605341911315918,0.0729573592543602,0.6711283236503601,0.6852923560142518,0.7349690556526184
7,S01c002,55,0.8488286733627319,0.11256051063537598,0.5822535398006439,0.6152932024002076,0.6250992000102997
7,S01c004,1596,0.852269172668457,0.12215866893529892,0.44519859996438027,0.4830644905567169,0.552137941122055
54,S01c003,1431,0.7801903486251831,0.1383143663406372,0.452832082092762,0.4913427114486694,0.5224759876728058
54,S01c001,210,0.9053846001625061,0.04544179514050484,0.7842265143573284,0.8040874469280243,0.8230447143316268
54,S01c002,55,0.792301595211029,0.09207341820001602,0.6312216349720955,0.6364550518989563,0.6536170542240143
54,S01c004,861,0.8430362343788147,0.12706772983074188,0.36912620431184767,0.4279570162296295,0.5478125214576721
35,S01c003,820,0.839909017086029,0.0853499174118042,0.6426661113977432,0.6794619941711426,0.7033086985349655
35,S01c001,190,0.9446203708648682,0.02673235349357128,0.896322078794241,0.8984935319423676,0.9026045054197311
35,S01c004,3655,0.953326940536499,0.04162134975194931,0.7824738498806953,0.8311641550064087,0.8605838775634765
8,S01c003,741,0.8458370566368103,0.09398092329502106,0.5813323233127594,0.6475665092468261,0.6760051846504211
8,S01c001,105,0.9163456559181213,0.04102768748998642,0.8144874213218689,0.8391050529479981,0.8555710196495057
8,S01c002,15,0.961307942867279,0.017897067591547966,0.924039701783657,0.9274698352813721,0.9329727232456207
8,S01c004,1326,0.8531834483146667,0.10891497880220413,0.5855187268555164,0.6135426461696625,0.6460416465997696
10,S01c003,496,0.8168951272964478,0.11877095699310303,0.4723071046620607,0.5509235978126525,0.6050265580415726
10,S01c001,28,0.9593172073364258,0.019132087007164955,0.9241132600128651,0.9254454481601715,0.9271021634340286
10,S01c002,1596,0.8304657340049744,0.08416686207056046,0.5937362748384476,0.6453320503234863,0.684785470366478
37,S01c003,666,0.771888792514801,0.11996185779571533,0.4239584932774305,0.5107988357543946,0.5541133880615234
37,S01c001,55,0.8648051619529724,0.06007659435272217,0.6935519755125046,0.7426147413253784,0.7627922594547272
37,S01c002,10,0.8536385297775269,0.0846504420042038,0.7261649446308612,0.732238804101944,0.741982963681221
37,S01c004,1081,0.8287971019744873,0.12454017996788025,0.27405088210105893,0.38671891689300536,0.6408411264419556
12,S01c003,1176,0.8114528656005859,0.11069747805595398,0.49491577588021757,0.5634306967258453,0.6110391765832901
12,S01c001,21,0.9304776787757874,0.031472187489271164,0.8641740003824234,0.8673025012016297,0.8723214864730835
12,S01c002,36,0.8967392444610596,0.059107210487127304,0.7660759626924991,0.7734399974346161,0.7869856357574463
12,S01c004,1128,0.8381527662277222,0.08690133690834045,0.5400492922186851,0.6276500236988067,0.683254498243332
13,S01c003,741,0.7019456624984741,0.21393398940563202,0.22336759451031685,0.25628888607025146,0.3047918975353241
13,S01c001,21,0.9018504619598389,0.06691916286945343,0.7489598097801209,0.7630908846855163,0.7857610583305359
13,S01c002,45,0.9342032670974731,0.02418999746441841,0.8745174226760865,0.8846780896186829,0.8980650782585144
13,S01c004,741,0.726361095905304,0.18033327162265778,0.24299295303225518,0.30810956954956054,0.38320183753967285
44,S01c003,261726,0.9395986795425415,0.07275599986314774,0.5452585954964161,0.7286257445812225,0.7804957926273346
44,S01c001,3403,0.7214994430541992,0.15182915329933167,0.3814963321506977,0.43352089047431946,0.46323993504047395
44,S01c002,3,0.8755400776863098,0.0254520270973444,0.8426274426817894,0.8440143680572509,0.8462393820285797
44,S01c004,276,0.9126333594322205,0.08238178491592407,0.6571973966062069,0.6795551776885986,0.7121687233448029
45,S01c003,903,0.8147686719894409,0.13336032629013062,0.38400236446261404,0.4496773719787598,0.5769263684749604
45,S01c001,2145,0.7497021555900574,0.1516827940940857,0.32788301396369934,0.4293795239925385,0.48883562684059145
45,S01c004,231,0.9240582585334778,0.05751793459057808,0.7592727771401405,0.7796459078788758,0.7914529144763947
33,S01c003,226128,0.9625187516212463,0.08299841731786728,0.6153749716460705,0.7016144371032715,0.7234448492527008
33,S01c002,5050,0.7974877953529358,0.10807282477617264,0.5464340207338333,0.5874198174476624,0.6075668931007385
33,S01c004,292995,0.9143821001052856,0.08902356028556824,0.5350080891728402,0.6188039469718933,0.671658045053482
15,S01c003,903,0.8583259582519531,0.09453721344470978,0.5518926589488983,0.6242007827758789,0.6754711270332336
15,S01c001,15,0.9533005356788635,0.024662410840392113,0.9002410234212875,0.9040736436843873,0.9102222323417664
15,S01c002,45,0.93534255027771,0.02609044313430786,0.8796040543794632,0.8894007754325867,0.8933343172073365
15,S01c004,1081,0.8718616366386414,0.0774269625544548,0.6657774937152863,0.6969125866889954,0.7162318229675293
14,S01c003,780,0.817129909992218,0.12789012491703033,0.3801444857746363,0.45585120499134063,0.5369297116994858
14,S01c001,78,0.9051322937011719,0.049367114901542664,0.7255954535543918,0.7967077887058258,0.8333832353353501
14,S01c002,10,0.8740665316581726,0.06530259549617767,0.7619316406905651,0.7652554953098297,0.770587882399559
14,S01c004,561,0.7809370756149292,0.1287968009710312,0.4040407507419586,0.4720637321472168,0.5353009104728699
38,S01c003,903,0.8227304816246033,0.09371531754732132,0.48444933660030365,0.5910035705566407,0.6315713822841644
38,S01c001,105,0.87199467420578,0.05501168221235275,0.7237807579994202,0.7436816501617431,0.7789459347724914
38,S01c004,1176,0.7681673169136047,0.15834622085094452,0.31594634748995304,0.3847334682941437,0.47368066012859344
17,S01c003,465,0.7229453921318054,0.18655695021152496,0.21980538439750671,0.29133610606193544,0.41344466209411623
17,S01c001,15,0.9352284073829651,0.023844795301556587,0.8871811347484588,0.8884308052062988,0.8904356241226197
17,S01c002,28,0.8969067335128784,0.07596538960933685,0.728614540797472,0.7349905478954315,0.7464088201522827
17,S01c004,666,0.7783085107803345,0.13132162392139435,0.47301707608997823,0.5062382757663727,0.5373939126729965
18,S01c003,741,0.738945722579956,0.1447482407093048,0.4029183767437935,0.4685664474964142,0.5087151527404785
18,S01c001,15,0.9170634150505066,0.043995484709739685,0.8218000765562058,0.8305483627319336,0.8445830464363098
18,S01c002,36,0.9098222255706787,0.036971356719732285,0.8415286948978901,0.8466804802417756,0.8490993231534958
18,S01c004,703,0.8403793573379517,0.0849136933684349,0.5482700084328651,0.6338753890991211,0.6944636881351471
16,S01c003,1128,0.7672484517097473,0.14310111105442047,0.401985432946682,0.45361329317092897,0.5104916006326675
16,S01c001,105,0.9308003187179565,0.04155227914452553,0.7928311475276947,0.822910282611847,0.8357460141181946
16,S01c002,21,0.8995000123977661,0.06064922735095024,0.7510882998704911,0.7646579027175904,0.7864273190498352
16,S01c004,2485,0.8268968462944031,0.10325818508863449,0.42018236583471297,0.567245762348175,0.6360818266868591
55,S01c003,703,0.804097056388855,0.12306804209947586,0.426313743698597,0.5062037587165833,0.559945148229599
55,S01c001,78,0.9342794418334961,0.035823941230773926,0.8268842444002629,0.8505386614799499,0.8650322049856186
55,S01c004,820,0.801780641078949,0.1327984482049942,0.39226782116293907,0.4720482623577118,0.5383161395788193
39,S01c003,325,0.8263891339302063,0.09720098972320557,0.5012417591810227,0.6195439171791076,0.6438631057739258
39,S01c001,78,0.9214941263198853,0.043341752141714096,0.7995835922122002,0.832519474029541,0.8422962248325347
39,S01c004,946,0.7992804646492004,0.13348133862018585,0.3657594582736492,0.47207559645175934,0.5569223910570145
19,S01c003,741,0.8200775980949402,0.09912344068288803,0.5513069355487823,0.5950760245323181,0.6310630440711975
19,S01c001,55,0.8752255439758301,0.05187658220529556,0.7485610635399819,0.7759580039978027,0.7954525709152221
19,S01c002,10,0.8670818209648132,0.06842103600502014,0.7355587309896946,0.7448234379291534,0.759686604142189
19,S01c004,1485,0.8045443296432495,0.1259819120168686,0.37400916938781736,0.47732929944992064,0.5494805097579956
20,S01c003,741,0.8083959817886353,0.12402910739183426,0.4041098183989525,0.5015585422515869,0.5806987285614014
20,S01c001,55,0.9396874904632568,0.03279855474829674,0.8723050818204879,0.8748283100128174,0.8799405217170715
20,S01c002,10,0.9162784814834595,0.046557534486055374,0.8374257152318955,0.8376770234107971,0.8380801916122437
20,S01c004,1326,0.764496922492981,0.15662126243114471,0.3106859352439642,0.3871311992406845,0.46692413091659546
21,S01c003,528,0.8519492149353027,0.08633717149496078,0.6044963822305203,0.6721483206748963,0.6973061770200729
21,S01c001,15,0.8976455330848694,0.046506479382514954,0.8053245226979255,0.8162274932861329,0.833718889951706
21,S01c002,45,0.8817355036735535,0.06160091236233711,0.7110507543087006,0.7692453145980835,0.7930274963378906
21,S01c004,780,0.8385884761810303,0.10436655580997467,0.5498801618993282,0.5864860141277313,0.6144613057374955
22,S01c003,703,0.7962806224822998,0.11825579404830933,0.4895878077447414,0.5484154796600342,0.5812931001186371
22,S01c001,78,0.8809941411018372,0.06793075054883957,0.67555666821599,0.6937275898456573,0.7378901928663254
22,S01c002,6,0.8754692077636719,0.07035297155380249,0.7444225675165653,0.7529014766216278,0.7665040045976639
22,S01c004,1081,0.7423179149627686,0.16710598766803741,0.2722983694076538,0.4182636260986328,0.4711945950984955
24,S01c003,630,0.7549195289611816,0.16283634305000305,0.3499159063667059,0.41695822179317477,0.4568059742450714
24,S01c001,15,0.9123650789260864,0.03645778447389603,0.8594294888496399,0.8597948837280274,0.8603810787200927
24,S01c002,45,0.8813093304634094,0.07330862432718277,0.6799862359523773,0.7049371027946472,0.7259542107582092
24,S01c004,990,0.810475766658783,0.11240570992231369,0.45776076468229293,0.5476229560375213,0.5922016352415085
25,S01c003,1225,0.8640758395195007,0.07009558379650116,0.5960533283233642,0.6481669187545777,0.7511977195739746
25,S01c001,21,0.923753023147583,0.051271162927150726,0.8054133694171905,0.8216335296630859,0.847655177116394
25,S01c002,2850,0.8401331901550293,0.09213107824325562,0.5344159126341342,0.5993211138248443,0.6608028054237366
40,S01c003,630,0.9226890802383423,0.04026144742965698,0.8034500094354152,0.8299776017665863,0.851243457198143
40,S01c001,66,0.9336616396903992,0.03190736472606659,0.8525502601861954,0.8594518721103668,0.8783294260501862
40,S01c004,903,0.904153048992157,0.06444843858480453,0.7291707978129387,0.7634791040420532,0.7821932077407837
49,S01c003,115921,0.9022322297096252,0.08251973986625671,0.5812060513496399,0.6580354928970337,0.7198261022567749
49,S01c001,190,0.9267279505729675,0.045456040650606155,0.7765703229069709,0.816749074459076,0.8397082835435867
49,S01c002,190,0.9266343116760254,0.04388894513249397,0.8174530012607575,0.8367140412330627,0.8548492193222046
49,S01c004,990,0.8578119277954102,0.07047634571790695,0.6759053944945336,0.7155418694019318,0.7390240281820297
48,S01c003,111156,0.8721343278884888,0.13617824018001556,0.2583315151333809,0.42467969059944155,0.5535053610801697
48,S01c001,136,0.9150838851928711,0.054604422301054,0.7919062723219394,0.7993662834167481,0.8106019794940948
48,S01c002,210,0.9224907755851746,0.04019458591938019,0.8159518327474594,0.8404163372516632,0.8514251559972763
48,S01c004,351,0.836642861366272,0.11395587772130966,0.45043390840291975,0.5047504305839539,0.5671786367893219
42,S01c003,4095,0.815937876701355,0.10672611743211746,0.477629522973299,0.5552314138412475,0.6080753684043885
42,S01c001,4656,0.8525398373603821,0.10640595853328705,0.5284952139854431,0.5975785255432129,0.6434278190135956
26,S01c003,190,0.9306266903877258,0.03687235713005066,0.855778196656704,0.8675908982753754,0.8748719185590744
26,S01c001,1485,0.9110274314880371,0.04866773262619972,0.7709600746393204,0.8007817435264587,0.8171222329139709
26,S01c002,186966,0.9423854947090149,0.05292908474802971,0.686335970968008,0.7805846691131592,0.8268004059791565
26,S01c004,276,0.9554016590118408,0.02576405368745327,0.8727527989447117,0.888565868139267,0.9045795351266861
47,S01c003,12403,0.7942052483558655,0.10309424996376038,0.4239804962456226,0.5248370051383973,0.5812012791633606
47,S01c001,3486,0.8088071942329407,0.1145244836807251,0.5019574373960495,0.5684923112392426,0.6017496436834335
47,S01c002,6,0.867213785648346,0.07032789289951324,0.7295116410553455,0.7403287947177887,0.7576825171709061
47,S01c004,276,0.9154412746429443,0.05625265836715698,0.7516004464030266,0.7819644510746002,0.8088200092315674
27,S01c003,703,0.8998422622680664,0.0580468513071537,0.6965903691291809,0.751693286895752,0.7839867472648621
27,S01c001,30135,0.8743541836738586,0.08444934338331223,0.5071063579440117,0.6315326046943665,0.708633017539978
27,S01c002,5671,0.7986587882041931,0.11200709640979767,0.43998779833316803,0.5410622596740723,0.5990272760391235
27,S01c004,253,0.9327788352966309,0.04195275157690048,0.81689541451931,0.8359952855110169,0.8506328225135803
51,S01c003,73920,0.8114281296730042,0.13190701603889465,0.364807456356287,0.4887008184194565,0.5526209652423859
51,S01c001,120,0.9055060744285583,0.04077515751123428,0.8018865766108036,0.8325379014015197,0.8375308334827423
51,S01c002,231,0.9001116752624512,0.06835193932056427,0.6711587878465652,0.7031051278114319,0.7337008118629456
51,S01c004,1891,0.8042680621147156,0.13397100567817688,0.398800030529499,0.48333928585052494,0.5397374033927917
29,S01c003,561,0.9269812703132629,0.03965730592608452,0.7951466732025146,0.8349524736404419,0.855925977230072
29,S01c001,1035,0.8992765545845032,0.05776882544159889,0.7350498873353004,0.7812253212928773,0.7969946444034577
29,S01c002,5565,0.807334840297699,0.10685902088880539,0.4124268501996994,0.5824862265586853,0.6278453946113587
29,S01c004,190,0.9348996877670288,0.044722069054841995,0.7688646779954433,0.7968242633342743,0.8283739924430847
43,S01c003,1653,0.8537306785583496,0.09940467029809952,0.5400016344070434,0.6115062999725341,0.6527174472808838
43,S01c001,703,0.8838152885437012,0.06715429574251175,0.6955446539878846,0.7489472675323486,0.7736932098865509
31,S01c003,325,0.9317290782928467,0.034323256462812424,0.8263291172266006,0.8538043284416199,0.8692606329917908
31,S01c001,2080,0.8622713088989258,0.08747987449169159,0.5733985636889934,0.6459344482421875,0.7015622079372406
31,S01c002,4371,0.8357077836990356,0.08870910853147507,0.5427949159145355,0.6304765939712524,0.6710341572761536
31,S01c004,105,0.9474881887435913,0.029858358204364777,0.8616689329624176,0.8775606083869935,0.8957226514816284
32,S01c003,105,0.9254986047744751,0.03589564561843872,0.829207379245758,0.8463947939872741,0.86627699136734
32,S01c001,2211,0.8117514848709106,0.12310438603162766,0.46646272817254064,0.5160134553909301,0.5609728395938873
32,S01c002,2556,0.8440816402435303,0.08872204273939133,0.529273514598608,0.6354770004749298,0.6748080253601074
32,S01c004,55,0.9126057028770447,0.03776199743151665,0.8396636020302772,0.8429445552825928,0.8437524676322937
28,S01c003,4851,0.8064197897911072,0.08686072379350662,0.5800691530108452,0.6311807036399841,0.660892128944397
28,S01c001,703,0.8982239365577698,0.04968298599123955,0.7432741870164872,0.7948592066764831,0.8096257090568543
28,S01c002,6786,0.8254143595695496,0.1005893424153328,0.49022785446047784,0.6068501472473145,0.6447407007217407
28,S01c004,378,0.9356757402420044,0.045012958347797394,0.7802395555317402,0.8126983284950257,0.8348322629928588
50,S01c003,6786,0.7985036373138428,0.08875042200088501,0.5666991717517376,0.638239574432373,0.6637745499610901
50,S01c001,120,0.9268380999565125,0.03557372838258743,0.836185338807106,0.8461962163448333,0.8623866021633149
50,S01c002,105,0.9352259039878845,0.03071337752044201,0.837189159154892,0.8688288712501526,0.8797485113143921
50,S01c004,2278,0.7730641961097717,0.12098187953233719,0.5332575079381466,0.5818336760997772,0.5990785181522369
46,S01c003,820,0.77968430519104,0.14059703052043915,0.36363017852902413,0.4721419459581375,0.5353062391281128
46,S01c001,1953,0.7323948740959167,0.13651952147483826,0.43711747970581055,0.4875764977931976,0.5177121996879578
46,S01c002,6,0.8974037170410156,0.029006220400333405,0.8595285128355026,0.8604858040809631,0.8620215654373169
46,S01c004,253,0.9100384712219238,0.08539295196533203,0.5736504437685013,0.6488701581954956,0.691636610031128
56,S01c003,1081,0.8083516359329224,0.09640350192785263,0.5881079955101013,0.6352683544158936,0.6611459255218506
56,S01c001,10,0.9480017423629761,0.01889609731733799,0.9150259599745274,0.9168189132213592,0.919695308804512
56,S01c002,45,0.8985474705696106,0.06504585593938828,0.7570241322040557,0.7727524209022522,0.7827383160591126
56,S01c004,1770,0.8095846176147461,0.09703552722930908,0.5721681256711483,0.6174208128452301,0.6461545020341873
57,S01c003,1540,0.7919974327087402,0.12215176224708557,0.43426501162052156,0.516614556312561,0.5609226882457733
57,S01c001,105,0.89375901222229,0.0767207145690918,0.5622592700004577,0.6955732107162476,0.7399920225143433
57,S01c002,15,0.9090362191200256,0.05278412625193596,0.7659941758871078,0.7889780068397522,0.8258504629135132
57,S01c004,2850,0.8293383121490479,0.10967756062746048,0.389468377712369,0.5526590132713318,0.6222443521022797
58,S01c003,666,0.8131739497184753,0.09453391283750534,0.45018844567239286,0.5758909583091736,0.6337097436189651
58,S01c001,78,0.8794134259223938,0.0545966662466526,0.7585399845480919,0.7763267350196839,0.7853263288736343
58,S01c004,1485,0.7853986620903015,0.14099471271038055,0.37900654882192614,0.47024282336235046,0.5253417372703553
60,S01c003,820,0.8442908525466919,0.08189254999160767,0.5400241495490075,0.6563348400592804,0.7070820778608322
60,S01c001,15,0.9197024703025818,0.03146640211343765,0.8757336531877518,0.8758302450180053,0.8759852051734924
60,S01c002,45,0.9276669025421143,0.029693858698010445,0.8309036594867706,0.8666303849220276,0.8816998958587646
60,S01c004,1378,0.8814562559127808,0.06483747065067291,0.7316975413680077,0.751566389799118,0.7693456619977951
59,S01c003,780,0.7986122965812683,0.13117584586143494,0.3513271425694227,0.4866295826435089,0.5464918076992035
59,S01c001,55,0.9327057600021362,0.02675813063979149,0.8634665356874466,0.869652955532074,0.888940018415451
59,S01c002,10,0.8978776931762695,0.07464613020420074,0.760167296820879,0.767330733537674,0.7788228780031204
59,S01c004,1326,0.8200864195823669,0.11633455753326416,0.30793803922832014,0.48240087926387787,0.5852550119161606
61,S01c003,666,0.8498973250389099,0.08562228828668594,0.6067911860644817,0.6573581576347352,0.6952413022518158
61,S01c001,15,0.9471476078033447,0.019536826759576797,0.9223294103264809,0.9224809455871582,0.922724050283432
61,S01c002,55,0.9293270707130432,0.04649965837597847,0.8199895014166831,0.8211354184150695,0.8262406289577484
61,S01c004,820,0.8844115734100342,0.06694835424423218,0.6824567383825779,0.7102125263214112,0.7563820153474807
63,S01c003,465,0.7772709727287292,0.16265282034873962,0.3902807937145233,0.4308370566368103,0.4624406635761261
63,S01c001,15,0.9550853967666626,0.019644631072878838,0.9139901254057884,0.9173071575164795,0.9226285994052887
63,S01c002,45,0.9244164228439331,0.04329163581132889,0.8182718106508255,0.8275161147117615,0.8349507570266723
63,S01c004,861,0.7419825196266174,0.16776785254478455,0.3441089686751366,0.4120642840862274,0.46156612038612366
64,S01c003,561,0.8057848215103149,0.12434936314821243,0.39679856395721436,0.5249840974807739,0.5796689391136169
64,S01c001,28,0.923505961894989,0.04207923263311386,0.8468680152535438,0.851901421546936,0.8567537218332291
64,S01c002,36,0.9177044630050659,0.03433642536401749,0.8552054669260979,0.8603762507438659,0.8676203340291977
64,S01c004,990,0.7450641393661499,0.17915622889995575,0.33368114365041257,0.3879896783828735,0.42753802090883253
62,S01c003,1596,0.737701952457428,0.14492160081863403,0.3676403895318508,0.4384211331605911,0.4934860020875931
62,S01c001,12090,0.7805795669555664,0.1562209278345108,0.23202316054403782,0.36140667080879213,0.4659627079963684
65,S01c003,465,0.7915596961975098,0.09668345749378204,0.5191384015083313,0.5778313779830933,0.615531063079834
65,S01c001,55,0.8777164220809937,0.046376895159482956,0.7680091007828712,0.7848141932487488,0.8185763478279113
65,S01c004,595,0.7641488909721375,0.1577523797750473,0.35615217270851135,0.44239960312843324,0.4888853520154953
66,S01c003,351,0.8004381656646729,0.11717050522565842,0.5097496898472309,0.5665414333343506,0.5889659821987152
66,S01c001,45,0.8879465460777283,0.05700287967920303,0.7198656357765197,0.7478244876861573,0.76861492395401
66,S01c002,6,0.8993155360221863,0.04558167979121208,0.816728480041027,0.821938943862915,0.830297976732254
66,S01c004,946,0.8323570489883423,0.10154207795858383,0.5565640502274036,0.6122765719890595,0.6537529677152634
67,S01c003,300,0.8666060566902161,0.08691754192113876,0.6493871442973613,0.6821369361877442,0.696054431796074
67,S01c001,10,0.9331809878349304,0.026342466473579407,0.8905376531720162,0.8916030144691467,0.8933121502399445
67,S01c002,36,0.9270290732383728,0.035098232328891754,0.8348055607378483,0.8393944919109344,0.848717600107193
67,S01c004,820,0.7976499795913696,0.1403854787349701,0.3362636821448803,0.4327578228712082,0.5189069867134094
69,S01c003,496,0.6951674222946167,0.20125359296798706,0.26638030333817003,0.30573669373989104,0.3357366546988487
69,S01c001,15,0.9305316805839539,0.02827213704586029,0.8741562060952187,0.8772740936279297,0.882276052236557
69,S01c002,55,0.9044578671455383,0.04730867221951485,0.8154380072236062,0.8214290666580201,0.8350755929946899
69,S01c004,1128,0.7283614277839661,0.16765272617340088,0.26634612949192527,0.3592296862602234,0.4151769667863846
68,S01c003,406,0.7451005578041077,0.1563113033771515,0.34996817003190517,0.43275545835494994,0.48471879214048386
68,S01c001,55,0.8965314030647278,0.04663536697626114,0.7946124073505402,0.8002830123901368,0.8225089967250824
68,S01c004,1128,0.7896150350570679,0.13200168311595917,0.4115526767641306,0.488781059384346,0.5358876347541809
70,S01c003,4656,0.8621962070465088,0.0887361541390419,0.5509938939213753,0.6423795759677887,0.7011467814445496
70,S01c001,91,0.9026585817337036,0.08905468881130219,0.6660929193496704,0.7106667995452881,0.7209075689315796
70,S01c002,2211,0.8782386183738708,0.06956595927476883,0.6268258448243141,0.7015513777732849,0.7436170279979706
71,S01c003,89676,0.87361741065979,0.1384233683347702,0.27218065321445467,0.46594442427158356,0.5402105450630188
71,S01c001,4371,0.6712927222251892,0.1766269952058792,0.2246073951870203,0.3211984097957611,0.3759914040565491
71,S01c002,6,0.8895708918571472,0.06034469977021217,0.8026769156455994,0.8040967464447022,0.8063745498657227
71,S01c004,378,0.8678499460220337,0.11187776178121567,0.5327095495164395,0.5832747113704682,0.631478214263916
73,S01c003,190,0.9405792355537415,0.02753571607172489,0.8458519739091397,0.8696116375923156,0.8861501336097717
73,S01c001,23220,0.934332549571991,0.05010085925459862,0.6863035955488682,0.7921701061725617,0.8345166832208634
73,S01c002,2556,0.7812783718109131,0.15662702918052673,0.35704184699058533,0.45924021303653717,0.49300695955753326
73,S01c004,136,0.9390131831169128,0.03793215751647949,0.8665870559811593,0.8684964060783387,0.8746575564146042
72,S01c003,5886,0.7228275537490845,0.16223832964897156,0.2833666062057018,0.3584939271211624,0.39459240436553955
72,S01c001,3916,0.7524200677871704,0.12932290136814117,0.41417897383868696,0.48501382768154144,0.5184788852930069
72,S01c004,325,0.9197402596473694,0.05028294026851654,0.7479929625034333,0.7874851799011231,0.8100379824638366
74,S01c003,465,0.9189168810844421,0.05554352328181267,0.7255096256256104,0.7651489520072937,0.7750317215919494
74,S01c001,63546,0.9256579279899597,0.06978308409452438,0.5958964778482914,0.7339539051055908,0.785283237695694
74,S01c002,171,0.8697395324707031,0.10704420506954193,0.579933257997036,0.5981804013252259,0.6458006799221039
74,S01c004,4095,0.7350835204124451,0.1573425829410553,0.3791067359983921,0.43279242753982544,0.4738286256790161
52,S01c003,210,0.933340311050415,0.04012515768408775,0.812740977370739,0.8236239778995514,0.8651115357875824
52,S01c001,1081,0.8446016907691956,0.10125938802957535,0.48862111747264864,0.5728477597236633,0.6354519128799438
52,S01c002,273430,0.9280503988265991,0.06977470964193344,0.6066938661575317,0.6735781276226044,0.7662783473730087
52,S01c004,276,0.9149601459503174,0.06479505449533463,0.6667292025685311,0.707224428653717,0.7863470762968063
53,S01c003,171,0.8997979164123535,0.0623166486620903,0.7692785958647728,0.7812490463256836,0.7929903864860535
53,S01c001,2415,0.8191648125648499,0.11186245083808899,0.47985148717164994,0.5492673349380494,0.590617436170578
53,S01c002,141778,0.8668996095657349,0.09043966233730316,0.5693335712492466,0.6631035923957824,0.6984469801187515
53,S01c004,210,0.9225122928619385,0.04414212331175804,0.7978828659296036,0.8243965566158294,0.836705031991005
75,S01c003,190,0.931592583656311,0.04054867848753929,0.7744569055736065,0.8238552522659301,0.8576063960790634
75,S01c001,1953,0.8237225413322449,0.10194877535104752,0.4884033983707428,0.5737590551376343,0.6237104773521424
75,S01c002,2926,0.713296115398407,0.1550426334142685,0.36628548085689544,0.4247386008501053,0.4530009776353836
75,S01c004,276,0.9111355543136597,0.0488472655415535,0.7496016702055931,0.7972322106361389,0.8162643611431122
76,S01c003,171,0.9109691381454468,0.07103779911994934,0.6672842590808868,0.6806434750556946,0.722502589225769
76,S01c001,1770,0.7937922477722168,0.1090395376086235,0.4475400406599045,0.5346772015094757,0.5785894274711609
76,S01c002,32640,0.6741940975189209,0.17814801633358002,0.30356027731895446,0.3876133644580841,0.42710805535316465
76,S01c004,231,0.9279545545578003,0.042834531515836716,0.7704492222070694,0.828663432598114,0.8493936955928802
77,S01c003,136,0.906430184841156,0.05776194855570793,0.7619753568768501,0.7796597957611084,0.7942961305379868
77,S01c001,3570,0.8332474231719971,0.08887339383363724,0.6108665839135646,0.6571842622756958,0.6810616374015808
77,S01c002,6670,0.7776715755462646,0.10432954877614975,0.3192568185865879,0.5503672230243682,0.6317008048295975
77,S01c004,190,0.9255433082580566,0.041727326810359955,0.8251842284142971,0.833384975194931,0.8464768797159195
78,S01c003,2346,0.7804179191589355,0.1269533336162567,0.4247932866960764,0.496014729142189,0.5376676023006439
78,S01c001,2278,0.7701507210731506,0.13346891105175018,0.39949463986158373,0.46660393178462983,0.5378313183784484
81,S01c003,2080,0.8053988218307495,0.14242249727249146,0.3897363420575857,0.4716484719514847,0.5133593320846558
81,S01c001,1378,0.8765428066253662,0.06782878935337067,0.6820439108371734,0.7307385575771331,0.7639431953430176
80,S01c003,120,0.9290946125984192,0.044390153139829636,0.7927347319960594,0.8032163095474243,0.8226068824529648
80,S01c001,1485,0.8078213930130005,0.10993124544620514,0.48669461735486985,0.5600068831443786,0.6029354572296143
80,S01c002,18336,0.7771832942962646,0.12603621184825897,0.469481381714344,0.5321918368339539,0.5634031593799591
80,S01c004,153,0.9326393008232117,0.041957367211580276,0.8217204522609711,0.8394406151771545,0.8524881839752197
82,S01c003,153,0.9258544445037842,0.04921778663992882,0.7808407452583312,0.812469265460968,0.8325023293495178
82,S01c001,1711,0.8342114090919495,0.08619426190853119,0.5087232602238655,0.6164984583854676,0.671125739812851
82,S01c002,3741,0.8167035579681396,0.1109461709856987,0.4482494865059853,0.585840392112732,0.6282095909118652
82,S01c004,231,0.9132208228111267,0.07577317953109741,0.6165674845576287,0.6488882541656494,0.7540776133537292
86,S01c003,2485,0.7619701623916626,0.13338114321231842,0.42865250334739685,0.5005919432640076,0.5343855023384094
86,S01c001,3160,0.7518430948257446,0.11705293506383896,0.4576116737574339,0.5308950889110565,0.5653811544179916
85,S01c003,78,0.923963189125061,0.047364477068185806,0.7944655267715454,0.8079964601993561,0.8110290884971618
85,S01c001,1275,0.7750973701477051,0.12120333313941956,0.3956954217612743,0.48961270213127134,0.5378449380397796
85,S01c002,2145,0.7737022638320923,0.12446660548448563,0.48992061834335326,0.5345871520042419,0.5655422568321228
85,S01c004,120,0.9183254241943359,0.05347803607583046,0.7167355896711349,0.7857617008686065,0.8112088143825531
89,S01c003,666,0.9045478105545044,0.07174123078584671,0.6697213014066219,0.7218468308448791,0.7440240234136581
89,S01c002,4278,0.8240298628807068,0.09750290960073471,0.5163362416863442,0.5891382086277008,0.6230929762125015
89,S01c004,478731,0.945414662361145,0.07066382467746735,0.6108752868175507,0.7159502148628235,0.7867097556591034
90,S01c003,253,0.9136477708816528,0.059961948543787,0.7228522326469421,0.7543637728691102,0.7805042505264282
90,S01c002,3655,0.7746611833572388,0.1371564269065857,0.3974629327356815,0.4621959626674652,0.5142041146755219
90,S01c004,3741,0.6793542504310608,0.20200374722480774,0.21429021281003952,0.3018030345439911,0.3395620584487915
91,S01c003,465,0.9169420599937439,0.0694628655910492,0.6464940416336059,0.6955149912834168,0.756947684288025
91,S01c002,5460,0.7550609707832336,0.14417310059070587,0.3371781100153923,0.4339555948972702,0.488274647295475
91,S01c004,4560,0.6921206712722778,0.1543537825345993,0.3267332675307989,0.40977750062942503,0.44953914135694506
92,S01c003,325,0.8937907814979553,0.08493900299072266,0.6310087117671966,0.6855366635322571,0.7263390898704529
92,S01c002,4465,0.8169041275978088,0.0880073830485344,0.5625904551506042,0.6174713015556336,0.6523151636123657
92,S01c004,3741,0.8038070201873779,0.11085028201341629,0.4682000921964645,0.5673869371414184,0.6130608916282654
95,S01c003,703,0.9363018870353699,0.05218100920319557,0.7778913118600845,0.8106204891204833,0.821915727853775
93,S01c003,325,0.9155405163764954,0.047476474195718765,0.785973801445961,0.8143946290016174,0.8271438956260682
93,S01c001,171,0.9007790684700012,0.05142010748386383,0.7310511565804482,0.776270580291748,0.8023476898670197
93,S01c002,36,0.9393783211708069,0.04469059407711029,0.8007441045045852,0.8294424891471863,0.8590962588787079
93,S01c004,8911,0.8272528052330017,0.10812300443649292,0.50202158254385,0.5886666655540467,0.6389392912387848
94,S01c003,10,0.934809684753418,0.03139358386397362,0.8823172845721244,0.8845745038986206,0.8881957113742829
94,S01c001,55,0.924333930015564,0.04886686056852341,0.7887637402772903,0.7937901067733765,0.8239643156528473
94,S01c004,190036,0.8720192313194275,0.13706745207309723,0.20888731925934553,0.33918304145336153,0.5207457095384598
41,S01c001,1225,0.7736120820045471,0.13045072555541992,0.4220947692155838,0.49305082082748414,0.5385034322738648
41,S01c004,1653,0.7506913542747498,0.14075852930545807,0.422481281208992,0.47615840792655945,0.5079654335975647
88,S01c001,10011,0.8800205588340759,0.09058430045843124,0.6165152337551117,0.6755676031112671,0.7063982784748077
2,S01c002,2926,0.8636507391929626,0.07962539047002792,0.6121493366360664,0.6635689735412598,0.7091044038534164
4,S01c002,1596,0.8555490374565125,0.10242310166358948,0.6003988323807716,0.631142771244049,0.6645948439836502
4,S01c004,3403,0.8250516653060913,0.14183050394058228,0.30692796108722686,0.4248266136646271,0.5431258141994476
5,S01c002,188191,0.8627743721008301,0.1371166855096817,0.424359090834856,0.5318894028663635,0.5786372721195221
5,S01c004,2628,0.805564284324646,0.09878906607627869,0.4778172313511372,0.5924724102020263,0.6343927562236786
6,S01c002,3003,0.6538764834403992,0.1765599250793457,0.19212488565444946,0.31398494124412535,0.36288836896419524
6,S01c004,1891,0.7222187519073486,0.18611307442188263,0.2732419417798519,0.3252919793128967,0.3554535359144211
23,S01c002,16653,0.7022233009338379,0.14819251000881195,0.37962262440919875,0.4425509262084961,0.4777104139328003
23,S01c004,2145,0.7502360939979553,0.1563200205564499,0.2837453550338745,0.3962170684337616,0.47217851877212524
30,S01c002,2485,0.8670398592948914,0.083399698138237,0.6013376705408097,0.6531231760978699,0.6984484195709229
30,S01c004,2556,0.81316739320755,0.11337987333536148,0.4353644554466009,0.562429404258728,0.6015420705080032
79,S01c002,52003,0.8411888480186462,0.12047361582517624,0.35855794454216955,0.4906834077835083,0.537947005033493
79,S01c004,2211,0.7853862643241882,0.11087660491466522,0.4818295584321022,0.5765026092529297,0.6075720191001892
83,S01c002,2775,0.7419149279594421,0.17135858535766602,0.3818863915085793,0.42653200626373294,0.4517845183610916
83,S01c004,1953,0.7678897976875305,0.13727743923664093,0.4016548254966736,0.4853848159313202,0.5265230178833008
87,S01c002,7260,0.8662643432617188,0.09517896920442581,0.4884748996973038,0.5981183183193207,0.6949155360460282
87,S01c004,2278,0.7985684275627136,0.1299293339252472,0.4369003026098013,0.5020869088172912,0.5465405285358429
84,S01c002,22155,0.9121082425117493,0.06144728511571884,0.7107259659051895,0.7666241216659546,0.7954104125499726
3,S01c002,3486,0.8386067748069763,0.09421433508396149,0.5433468484282493,0.6155622243881226,0.6683400124311447
